Alone|Heart|E Standard|E Standard|E Standard
Straight On|Heart|E Standard|E Standard|E Standard
What About Love|Heart|E Standard|E Standard|E Standard
God Rest Ye Merry, Gentlemen|Brian Adam McCune|E Standard|E Standard|E Standard
Carol of the Bells|Seth Chapla|E Standard|E Standard|E Standard
We Three Kings|Versus Them|E Standard|E Standard|E Standard
Black Fire Upon Us|Dethklok|C Standard|C Standard|C Standard
Bloodlines|Dethklok|C Standard|C Standard|C Standard
Murmaider|Dethklok|C Standard|C Standard|C Standard
Nemesis|Arch Enemy|C Standard|C Standard|C Standard
Go Into The Water|Dethklok|C Standard|C Standard|C Standard
Awaken|Dethklok|C Standard|C Standard|C Standard
Thunderhorse|Dethklok|C Standard|C Standard|C Standard
3's & 7's|Queens of the Stone Age|C Standard|C Standard|C Standard
No One Knows|Queens of the Stone Age|C Standard|C Standard|C Standard
Vitamin R (Leading Us Along)|Chevelle|C# Drop B|C# Drop B|Drop D
Superbeast|Rob Zombie|C# Drop B|C# Drop B|E Standard
Say You'll Haunt Me|Stone Sour|C# Standard|C# Standard|C# Standard
Absolute Zero|Stone Sour|C# Standard|C# Standard|C# Standard
More Human Than Human|White Zombie|C# Standard|C# Standard|C# Standard
The Outsider|A Perfect Circle|C# Standard|C# Standard|C# Standard
Two Weeks|All That Remains|C# Standard|C# Standard|C# Standard
Selkies: The Endless Obsession|Between The Buried and Me|C# Standard|C# Standard|C# Standard
The Red|Chevelle|C# Standard|C# Standard|C# Standard
One of Us|Joan Osborne|Capo Required (E Standard)|Capo Required (E Standard)|E Standard
Behind These Hazel Eyes|Kelly Clarkson|Capo Required (E Standard)|E Standard|E Standard
On The Sunny Side Of The Street|Les Paul & Mary Ford|Capo Required (E Standard)|E Standard|E Standard
Man! I Feel Like a Woman!|Shania Twain|Capo Required (E Standard)|Capo Required (E Standard)|Eb Standard
That Don't Impress Me Much|Shania Twain|Capo Required (E Standard)|Capo Required (E Standard)|E Standard
Dakota|Stereophonics|Capo Required (E Standard)|Capo Required (E Standard)|E Standard
Red Eyes|The War on Drugs|Capo Required (E Standard)|Capo Required (E Standard)|E Standard
Guardians of Asgaard|Amon Amarth|Custom Tuning (AEADF#B)|Custom Tuning (AEADF#B)|E Standard
The Pursuit of VIkings|Amon Amarth|Custom Tuning (B Standard)|Custom Tuning (B Standard)|E Standard
Death In Fire|Amon Amarth|Custom Tuning (B Standard)|Custom Tuning (B Standard)|E Standard
War Of The Gods|Amon Amarth|Custom Tuning (B Standard)|Custom Tuning (B Standard)|E Standard
Twilight Of The Thunder God|Amon Amarth|Custom Tuning (B Standard)|Custom Tuning (B Standard)|E Standard
Bad Company|Five Finger Death Punch|Custom Tuning (B Standard)|Custom Tuning (B Standard)|E Standard
Wrong Side of Heaven|Five Finger Death Punch|Custom Tuning (B Standard)|Custom Tuning (B Standard)|E Standard
The Ballad Of Clutch Nixon|The Road Vikings|Custom Tuning (B Standard)|Custom Tuning (B Standard)|E Standard
Christian Woman|Type O Negative|Custom Tuning (B Standard)|Custom Tuning (B Standard)|E Standard
Pretty Noose|Soundgarden|Custom Tuning (CGCGGE)|Custom Tuning (CGCGGE)|Custom Tuning (CGCG)
My Sacrifice|Creed|Custom Tuning (DADADd)|Custom Tuning (DADADd)|Drop D
Optimistic|Radiohead|Custom Tuning (DADFCd)|Drop D|Drop D
Coma White|Marilyn Manson|Custom Tuning (EADGAe)|Custom Tuning (EADGAe)|E Standard
Little Lion Man|Mumford & Sons|Custom Tuning (EADGBD Capo Required)|Custom Tuning (CACGCE Capo Required)|E Standard
So Far Away|Staind|Custom Tuning (Eb,Ab,Db,Eb,Ab,Eb)|Eb Standard|Eb Standard
My Iron Lung|Radiohead|Custom Tuning (EGDGBD)|Custom Tuning (EGDGBD)|E Standard
Superhero|Jane's Addiction|Custom Tuning (F Standard)|Custom Tuning (F Standard)|Custom Tuning (F Standard)
Year Zero|Ghost B.C.|D Standard|D Standard|D Standard
Cirice|Ghost|D Standard|D Standard|D Standard
He Is|Ghost|D Standard|D Standard|D Standard
Ritual|Ghost|D Standard|D Standard|D Standard
Hold Back the River|James Bay|D Standard|D Standard|D Standard
The Joker|Steve Miller Band|D Standard|D Standard|E Standard
Bad Girlfriend|Theory Of A Deadman|D Standard|D Standard|D Standard
If It Means a Lot to You|A Day To Remember|D Standard|D Standard|Drop C
This Calling|All That Remains|D Standard|D Standard|D Standard
Six|All That Remains|D Standard|D Standard|D Standard
Ties That Bind|Alter Bridge|D Standard|D Standard|D Standard
Infected|Bad Religion|D Standard|D Standard|D Standard
Snarling of Beasts|Bedowyn|D Standard|D Standard|D Standard
Overlord|Black Label Society|D Standard|D Standard|D Standard
Adam's Song|blink-182|D Standard|D Standard|E Standard
Scream Aim Fire|Bullet For My Valentine|D Standard|D Standard|D Standard
Fortunate Son|Creedence Clearwater Revival|D Standard|E Standard|E Standard
Bad Moon Rising|Creedence Clearwater Revival|D Standard|E Standard|E Standard
Proud Mary|Creedence Clearwater Revival|D Standard|E Standard|E Standard
Again|Flyleaf|D Standard|Drop C|Drop D
Let It Go|James Bay|D Standard|D Standard|C# Standard
Blood and Thunder|Mastodon|D Standard|D Standard|D Standard
Black Tongue|Mastodon|D Standard|D Standard|D Standard
Colony of Birchmen|Mastodon|D Standard|D Standard|D Standard
Sweet Mountain River|Monster Truck|D Standard|D Standard|D Standard
Kickstart My Heart|M'tley Cr'e|D Standard|D Standard|D Standard
Shout at the Devil|M'tley Cr'e|D Standard|D Standard|D Standard
Girls, Girls, Girls|M'tley Cr'e|D Standard|D Standard|D Standard
Home Sweet Home|M'tley Cr'e|D Standard|D Standard|D Standard
Dr. Feelgood|M'tley Cr'e|D Standard|D Standard|D Standard
Nine in the Afternoon|Panic! At The Disco|D Standard|D Standard|D Standard
5 Minutes Alone|Pantera|D Standard|D Standard|D Standard
'berlin|R.E.M.|D Standard|D Standard|D Standard
Out of the Black|Royal Blood|D Standard|D Standard|D Standard
Refuse/Resist|Sepultura|D Standard|D Standard|D Standard
Elephant|Tame Impala|D Standard|D Standard|D Standard
Sweater Weather|The Neighbourhood|D Standard|D Standard|D Standard
A Warrior's Call|Volbeat|D Standard|D Standard|D Standard
Lola Montez|Volbeat|D Standard|D Standard|D Standard
Heaven Nor Hell|Volbeat|D Standard|D Standard|D Standard
Still Counting|Volbeat|D Standard|D Standard|D Standard
Fallen|Volbeat|D Standard|D Standard|D Standard
Everybody's Fool|Evanescence|DADGAD|DADGAD|Drop D
Bodies|Drowning Pool|Drop C|Drop C|Drop C
Face Down|The Red Jumpsuit Apparatus|Drop C|Drop C|Drop C
All Signs Point to Lauderdale|A Day To Remember|Drop C|Drop C|Drop C
I'm Made Of Wax, Larry, What Are You Made Of?|A Day To Remember|Drop C|Drop C|Drop C
All I Want|A Day To Remember|Drop C|Drop C|Drop C
The Downfall of Us All|A Day To Remember|Drop C|Drop C|Drop C
Isolation|Alter Bridge|Drop C|Drop C|Drop C
Stingin' Belle|Biffy Clyro|Drop C|Drop C|Drop C
Suicide Messiah|Black Label Society|Drop C|Drop C|Drop C
Blow Me Away (ft. Valora)|Breaking Benjamin|Drop C|Drop C|Drop C
So Cold|Breaking Benjamin|Drop C|Drop C|Drop C
Your Betrayal|Bullet For My Valentine|Drop C|Drop C|Drop C
Hand Of Blood|Bullet For My Valentine|Drop C|Drop C|Drop C
Tears Don't Fall|Bullet For My Valentine|Drop C|Drop C|D Standard
Hearts Burst Into Fire|Bullet For My Valentine|Drop C|Drop C|Drop C
Hats Off to the Bull|Chevelle|Drop C|Drop C|Drop C
Change (In The House Of Flies)|Deftones|Drop C|Drop C|Drop C
Digital Bath|Deftones|Drop C|Drop C|Drop C
Stricken|Disturbed|Drop C|Drop C|Drop C
Inside The Fire|Disturbed|Drop C|Drop C|Drop C
The Night|Disturbed|Drop C|Drop C|Drop C
Indestructible|Disturbed|Drop C|Drop C|Drop C
This War Is Ours (The Guillotine II)|Escape The Fate|Drop C|Drop C|Drop C
Missing|Flyleaf|Drop C|Drop C|Drop C
I Stand Alone|Godsmack|Drop C|Drop C|Drop C
Awake|Godsmack|Drop C|Drop C|Drop C
Lips of an Angel|Hinder|Drop C|Drop C|Drop C
Holy Diver|Killswitch Engage|Drop C|Drop C|Drop C
The End of Heartache|Killswitch Engage|Drop C|Drop C|Drop C
My Curse|Killswitch Engage|Drop C|Drop C|Drop C
Oblivion|Mastodon|Drop C|Drop C|Drop C
Getting Away With Murder|Papa Roach|Drop C|Drop C|Drop C
Dragula|Rob Zombie|Drop C|Drop C|Drop C
Fake It|Seether|Drop C|Drop C|Drop C
Careless Whisper|Seether|Drop C|Drop C|Drop C
Enemies|Shinedown|Drop C|Drop C|Drop C
Monster|Skillet|Drop C|Drop C|Drop C
Toxicity|System of a Down|Drop C|Drop C|Drop C
Aerials|System of a Down|Drop C|Drop C|Drop C
From Yesterday|Thirty Seconds To Mars|Drop C|Drop C|Drop C
Riot|Three Days Grace|Drop C|Drop C|Drop C
Animal I Have Become|Three Days Grace|Drop C|Drop C|Drop C
Stare At The Sun|Thrice|Drop C|Drop C|Drop C
The Artist in the Ambulance|Thrice|Drop C|Drop C|Drop C
The Regulator|Clutch|Drop D|Custom Tuning:(DADFAd)|Drop D
Pompeii|Bastille|Drop D|E Standard|E Standard
Keep Away|Godsmack|Drop D|Drop D|Drop D
I Get Off|Halestorm|Drop D|Custom Tuning (Db Drop B)|Drop D
I Miss the Misery|Halestorm|Drop D|Drop D|Drop D
Mz. Hyde|Halestorm|Drop D|Drop D|Drop D
Unsung|Helmet|Drop D|Drop D|Drop D
Bleed American|Jimmy Eat World|Drop D|Drop D|Drop D
The Middle|Jimmy Eat World|Drop D|Drop D|Drop D
Sweetness|Jimmy Eat World|Drop D|Drop D|Drop D
I Write Sins Not Tragedies|Panic! at the Disco|Drop D|Drop D|Drop D
Ain't It Fun|Paramore|Drop D|Drop D|C# Standard
Pressure|Paramore|Drop D|Drop D|Drop D
Still Into You|Paramore|Drop D|Drop D|C# Standard
Bleeds No More|Silverstein|Drop D|Drop D|Drop D
Smashed into Pieces|Silverstein|Drop D|Drop D|Drop D
The Bartender and the Thief|Stereophonics|Drop D|Drop D|E Standard
Hunger Strike|Temple of the Dog|Drop D|Drop D|Drop D
Middle of the Road|The Pretenders|Drop D|Drop D|E Standard
Atarashii Hikari|9mm Parabellum Bullet|Drop D|Drop D|Drop D
Dear Maria, Count Me In|All Time Low|Drop D|Drop D|Drop D
Weightless|All Time Low|Drop D|Drop D|Drop D
Rise Today|Alter Bridge|Drop D|Drop D|Drop D
Show Me How to Live|Audioslave|Drop D|Drop D|Drop D
Afterlife|Avenged Sevenfold|Drop D|Drop D|Drop D
Beast And The Harlot|Avenged Sevenfold|Drop D|Drop D|Drop D
Nightmare|Avenged Sevenfold|Drop D|Drop D|Drop D
Bat Country|Avenged Sevenfold|Drop D|Drop D|Drop D
Sk8er Boi|Avril Lavigne|Drop D|Drop D|Drop D
Try Honesty|Billy Talent|Drop D|X|Drop D
Viking Death March|Billy Talent|Drop D|X|Drop D
Devil in a Midnight Mass|Billy Talent|Drop D|X|Drop D
Fallen Leaves|Billy Talent|Drop D|X|Drop D
Red Flag|Billy Talent|Drop D|X|Drop D
Devil on My Shoulder|Billy Talent|Drop D|Drop D|Drop D
Ricochet|Brian Adam McCune|Drop D|Drop D|Drop D
My Own Prison|Creed|Drop D|Drop D|Drop D
With Arms Wide Open|Creed|Drop D|Drop D|Drop D
Higher|Creed|Drop D|Drop D|Drop D
Cold|Crossfade|Drop D|Drop D|D Standard
Hole In The Earth|Deftones|Drop D|Drop D|Drop D
Wasteland|EarlyRise|Drop D|Drop D|Drop D
Sugar, We're Goin Down|Fall Out Boy|Drop D|Drop D|Drop D
Thnks fr th Mmrs|Fall Out Boy|Drop D|Drop D|Drop D
America's Suitehearts|Fall Out Boy|Drop D|Drop D|Drop D
Chompers|Fang Island|Drop D|Drop D|Drop D
Hey Man, Nice Shot|Filter|Drop D|Drop D|Drop D
All Around Me|Flyleaf|Drop D|Drop D|Drop D
Fully Alive|Flyleaf|Drop D|Drop D|Drop D
Cassie|Flyleaf|Drop D|Drop D'|Drop D
I'm So Sick|Flyleaf|Drop D|Drop D|Drop D
Monkey Wrench|Foo Fighters|Drop D|Drop D|Drop D
Everlong|Foo Fighters|Drop D|Drop D|Drop D
Love-Hate-Sex-Pain|Godsmack|Drop D|X|Drop D
Cryin' Like a Bitch|Godsmack|Drop D|Drop D|Drop D
Voodoo|Godsmack|Drop D|X|Drop D
Love Bites (So Do I)|Halestorm|Drop D|Drop D|Drop D
I Miss You|Incubus|Drop D|Drop D|Drop D
Grace|Jeff Buckley|Drop D|Drop D|Drop D
Blue On Black|Kenny Wayne Shepherd|Drop D|E Standard|E Standard
Laid to Rest|Lamb of God|Drop D|Drop D|Drop D
Redneck|Lamb of God|Drop D|Drop D|Drop D
Walk With Me in Hell|Lamb of God|Drop D|Drop D|Drop D
Bleed It Out|Linkin Park|Drop D|Drop D|Drop D
What I've Done|Linkin Park|Drop D|Drop D|Drop D
Guilty All the Same|Linkin Park|Drop D|Drop D|Drop D
The Beautiful People|Marilyn Manson|Drop D|Drop D|Drop D
Unnatural Selection|Muse|Drop D|X|Open G
Stockholm Syndrome|Muse|Drop D|Drop D|Drop D
How You Remind Me|Nickelback|Drop D|Drop D|Drop D
Bottoms Up|Nickelback|Drop D|Drop D|Drop D
Walk|Pantera|Drop D|X|Drop D
Last Resort|Papa Roach|Drop D|Drop D|Drop D
Now|Paramore|Drop D|Drop D|D Standard
Fat Bottomed Girls|Queen|Drop D|X|Drop D 
I Don't Believe in Love|Queensr'che|Drop D|Drop D|Drop D
Bodysnatchers|Radiohead|Drop D|Drop D|E Standard
Take The Power Back|Rage Against The Machine|Drop D|Drop D|Drop D
Killing In The Name|Rage Against The Machine|Drop D|Drop D|Drop D
Wake Up|Rage Against The Machine|Drop D|Drop D|Drop D
Renegades Of Funk|Rage Against The Machine|Drop D|Drop D|Drop D
Lay It Down|Ratt|Drop D|Drop D|Drop D
Wires|Red Fang|Drop D|Drop D|Drop D
Living Dead Girl|Rob Zombie|Drop D|Drop D|Drop D
Monochromic|Sabaka|Drop D|Drop D|Drop D
Sound of Madness|Shinedown|Drop D|Drop D'|Drop D
Slave to the Grind|Skid Row|Drop D|Drop D|Drop D
Awake and Alive|Skillet|Drop D|Drop D|Drop D
Outshined|Soundgarden|Drop D|Drop D|Drop D
Jesus Christ Pose|Soundgarden|Drop D|Drop D|Drop D
Spoonman|Soundgarden|Drop D|Drop D|Drop D
Between the Lines|Stone Temple Pilots|Drop D|X|Drop D
Fat Lip|Sum 41|Drop D|Drop D|Drop D
The Metal|Tenacious D|Drop D|Drop D|Drop D
Gold on the Ceiling|The Black Keys|Drop D|X|E Standard
A Knife In The Dark|The Notetrackers|Drop D|Drop D|Drop D
The Chimera|The Smashing Pumpkins|Drop D|Drop D|Drop D
Break|Three Days Grace|Drop D|Drop D|Drop D
Never Too Late|Three Days Grace|Drop D|Drop D|Drop D
I Hate Everything About You|Three Days Grace|Drop D|Drop D|Drop D
Slither|Velvet Revolver|Drop D|Drop D|Drop D
Joker and the Thief|Wolfmother|Drop D|Drop D|E Standard
Ocean Avenue|Yellowcard|Drop D|Drop D|Drop D
Feeling This|blink-182|Drop D (Capo Required)|Drop D (Capo Required)|E Standard
Never Going Back Again|Fleetwood Mac|Drop D (Capo Required)|Eb Standard|E Standard
Black Hole Sun|Soundgarden|Drop D: A455|Drop D: A455|Drop D: A455
Shimmer|Fuel|E Standard|E Standard|Drop D
Found Out About You|Gin Blossoms|E Standard|E Standard|E Standard
Werewolves of London|Warren Zevon|E Standard|E Standard|E Standard
Always|blink-182|E Standard|E Standard|E Standard
Stacy's Mom|Fountains of Wayne|E Standard|E Standard|E Standard
40:1|Sabaton|E Standard|E Standard|E Standard
Ghost Division|Sabaton|E Standard|E Standard|E Standard
Primo Victoria|Sabaton|E Standard|E Standard|E Standard
Take On Me|a-ha|E Standard|E Standard|E Standard
Billion Dollar Babies|Alice Cooper|E Standard|E Standard|E Standard
Poison|Alice Cooper|E Standard|E Standard|Drop D
School's Out|Alice Cooper|E Standard|E Standard|E Standard
Movies|Alien Ant Farm|E Standard|X|E Standard
Takin' Care of Business|Bachman-Turner Overdrive|E Standard|E Standard|E Standard
You Ain't Seen Nothing Yet|Bachman-Turner Overdrive|E Standard|E Standard|E Standard
Let It Ride|Bachman-Turner Overdrive|E Standard|E Standard|E Standard
Baby Blue|Badfinger|E Standard|E Standard|E Standard
Gratitude|Beastie Boys|E Standard|E Standard|E Standard
In A Big Country|Big Country|E Standard|E Standard|E Standard
Only the Good Die Young|Billy Joel|E Standard|E Standard|E Standard
Strategy and Spying|Billy Martin|E Standard|E Standard|E Standard
Lonely Is The Night|Billy Squier|E Standard|E Standard|E Standard
Stay Together For The Kids|blink-182|E Standard|E Standard|E Standard
Stir It Up|Bob Marley & The Wailers|E Standard|E Standard|E Standard
Whiskey Lullaby|Brad Paisley Feat. Alison Krauss|E Standard|Drop D|E Standard
Mud on the Tires|Brad Paisley|E Standard|E Standard (Capo Required)|E Standard
Ticks|Brad Paisley|E Standard|E Standard|E Standard
Rockin' Around the Christmas Tree|Brenda Lee|E Standard|E Standard|E Standard
Assassin's Creed IV Black Flag Main Theme|Brian Tyler|E Standard|E Standard|E Standard
Ever Fallen in Love (With Someone You Shouldn't've)|Buzzcocks|E Standard|E Standard|E Standard
Johnny B. Goode|Chuck Berry|E Standard|E Standard|E Standard
School Day (Ring Ring Goes The Bell)|Chuck Berry|E Standard|E Standard|E Standard
You Never Can Tell|Chuck Berry|E Standard|E Standard|E Standard
Run, Rudolph, Run|Chuck Berry|E Standard|E Standard|E Standard
Paradise|Coldplay|E Standard|E Standard|E Standard
Down Under (2012)|Colin Hay of Men At Work|E Standard|E Standard|E Standard
Transilvanian Hunger|Darkthrone|E Standard|E Standard|E Standard
Changes|David Bowie|E Standard|E Standard|E Standard
Breakfast At Tiffany's|Deep Blue Something|E Standard|E Standard|E Standard
Hush|Deep Purple|E Standard|E Standard|E Standard
Through The Fire and Flames|DragonForce|E Standard|E Standard|E Standard
Johnny, I Hardly Knew Ya|Dropkick Murphys|E Standard|E Standard|E Standard
Rebel Rouser|Duane Eddy|E Standard|E Standard|E Standard
Let's Groove|Earth, Wind & Fire|E Standard|E Standard|E Standard
Ex's & Oh's|Elle King|E Standard|E Standard|E Standard
Saturday Night's Alright (For Fighting)|Elton John|E Standard|E Standard|E Standard
Blue Christmas|Elvis Presley|E Standard|E Standard|E Standard
The Bleeding|Five Finger Death Punch|E Standard|Custom Tuning (B Standard)|Drop D
Rudolph the Red-Nosed Reindeer|Gene Autry|E Standard|E Standard|E Standard
Who Do You Love?|George Thorogood|E Standard|E Standard|E Standard
Keep Your Hands to Yourself|Georgia Satellites|E Standard|E Standard|E Standard
Radar Love|Golden Earring|E Standard|E Standard|E Standard
We're An American Band|Grand Funk Railroad|E Standard|E Standard|E Standard
Touch Of Grey|Grateful Dead|E Standard|E Standard|E Standard
Boulevard Of Broken Dreams|Green Day|E Standard|E Standard|E Standard
Holiday|Green Day|E Standard|E Standard|E Standard
Jesus of Suburbia|Green Day|E Standard|Eb Standard|E Standard
Know Your Enemy|Green Day|E Standard|E Standard|E Standard
Black Smoke Rising|Greta Van Fleet|E Standard|E Standard|E Standard
Highway Tune|Greta Van Fleet|E Standard|E Standard|E Standard
Safari Song|Greta Van Fleet|E Standard|E Standard|E Standard
All the Rage Back Home|Interpol|E Standard|E Standard|E Standard
Evil|Interpol|E Standard|E Standard|Drop D
Obstacle 1|Interpol|E Standard|E Standard|Drop D
PDA|Interpol|E Standard|E Standard|Drop D
Ezio's Family|Jesper Kyd|E Standard|Drop D|Drop D
Aqualung|Jethro Tull|E Standard|E Standard (Capo Required)|E Standard
Crimson & Clover|Joan Jett & the Blackhearts|E Standard|E Standard|E Standard
I Hate Myself For Loving You|Joan Jett & the Blackhearts|E Standard|E Standard|E Standard
Bad Reputation|Joan Jett|E Standard|E Standard|E Standard
Summer Song|Joe Satriani|E Standard|E Standard|E Standard
One Bourbon, One Scotch, One Beer|John Lee Hooker|E Standard|E Standard|E Standard
Jackson|Johnny Cash & June Carter|E Standard|E Standard|E Standard
Folsom Prison Blues|Johnny Cash|E Standard|E Standard|E Standard
Hey Porter|Johnny Cash|E Standard|E Standard|E Standard
Big River|Johnny Cash|E Standard|E Standard (Capo Required)|E Standard
Get Rhythm|Johnny Cash|E Standard|E Standard (Capo Required)|E Standard
I Walk The Line|Johnny Cash|E Standard|E Standard (Capo Required)|E Standard
Cry! Cry! Cry!|Johnny Cash|E Standard|E Standard|E Standard
Ring Of Fire|Johnny Cash|E Standard|E Standard|E Standard
Disorder|Joy Division|E Standard|E Standard|E Standard
Love Will Tear Us Apart|Joy Division|E Standard|E Standard|E Standard
Transmission|Joy Division|E Standard|E Standard|E Standard
I Predict A Riot|Kaiser Chiefs|E Standard|E Standard|E Standard
Never Miss a Beat|Kaiser Chiefs|E Standard|E Standard|E Standard
Ruby|Kaiser Chiefs|E Standard|E Standard|E Standard
My Life Would Suck Without You|Kelly Clarkson|E Standard|Capo Required (E Standard)|E Standard
Since U Been Gone|Kelly Clarkson|E Standard|E Standard|E Standard
Black Horse and the Cherry Tree|KT Tunstall|E Standard|X|E Standard
Other Side of the World|KT Tunstall|E Standard|E Standard|E Standard
Suddenly I See|KT Tunstall|E Standard|E Standard|E Standard
Bad Romance|Lady Gaga|E Standard|E Standard|E Standard
Paparazzi|Lady Gaga|E Standard|E Standard|E Standard
Poker Face|Lady Gaga|E Standard|E Standard|E Standard
Yo' And I|Lady Gaga|E Standard|E Standard|Drop D
Dashboard|Modest Mouse|E Standard|E Standard|E Standard
The Cave|Mumford & Sons|E Standard|Open D|E Standard
You Get What You Give|New Radicals|E Standard|E Standard|E Standard
Feeling Good|Nina Simone|E Standard|E Standard|E Standard
Bob|NOFX|E Standard|E Standard|E Standard
Seeing Double At the Triple Rock|NOFX|E Standard|E Standard|E Standard
Stickin' In My Eye|NOFX|E Standard|E Standard|E Standard
Linoleum|NOFX|E Standard|E Standard|E Standard
Come Away with Me|Norah Jones|E Standard|E Standard|E Standard
This Love|Pantera|E Standard|E Standard|E Standard
Ignorance|Paramore|E Standard|E Standard|D Standard
Rose-Colored Boy|Paramore|E Standard|E Standard|E Standard
Brick by Boring Brick|Paramore|E Standard|E Standard|C# Standard
The Only Exception|Paramore|E Standard|Custom Tuning (EADGBD#)|E Standard
Blood Dragon Theme (Far Cry 3: Blood Dragon)|Power Glove|E Standard|E Standard|E Standard
Amie|Pure Prairie League|E Standard|E Standard|E Standard
Hammer to Fall|Queen|E Standard|E Standard|E Standard
I Want to Break Free|Queen|E Standard|E Standard|E Standard
Somebody to Love|Queen|E Standard|E Standard (Capo Required)|E Standard
Don't Stop Me Now|Queen|E Standard|E Standard|E Standard
Love of My Life|Queen|E Standard|E Standard|E Standard
Tie Your Mother Down|Queen|E Standard|E Standard|E Standard
We Will Rock You|Queen|E Standard|E Standard|E Standard
Street Spirit (Fade Out)|Radiohead|E Standard|E Standard (Capo Required)|E Standard
There There|Radiohead|E Standard|Custom Tuning (DBDGBE)|E Standard
It's Tricky|Run-D.M.C.|E Standard|D Standard|E Standard
King of Rock|Run-D.M.C.|E Standard|E Standard|E Standard
Rock Box|Run-D.M.C.|E Standard|E Standard|E Standard
Send Me On My Way|Rusted Root|E Standard|E Standard|E Standard
My Heroine|Silverstein|E Standard|E Standard|E Standard
Smile in Your Sleep|Silverstein|E Standard|E Standard|E Standard
Runaway Train|Soul Asylum|E Standard|E Standard|E Standard
In The Meantime|Spacehog|E Standard|E Standard|E Standard
Maybe Tomorrow|Stereophonics|E Standard|E Standard|E Standard
Jungle Love|Steve Miller Band|E Standard|Open A|E Standard
Fly Like an Eagle|Steve Miller Band|E Standard|E Standard|E Standard
Rock'n Me|Steve Miller Band|E Standard|E Standard|E Standard
Take the Money and Run|Steve Miller Band|E Standard|E Standard|E Standard
Trippin' on a Hole in a Paper Heart|Stone Temple Pilots|E Standard|E Standard|E Standard
Too Much Time On My Hands|Styx|E Standard|E Standard|E Standard
Souls of Black|Testament|E Standard|E Standard|E Standard
Surfin' Safari|The Beach Boys|E Standard|E Standard|E Standard
Erase/Rewind|The Cardigans|E Standard|E Standard|E Standard
Lovefool|The Cardigans|E Standard|E Standard|E Standard
My Favourite Game|The Cardigans|E Standard|E Standard|E Standard
Cissy Strut|The Meters|E Standard|X|E Standard
Your Love|The Outfield|E Standard|E Standard|E Standard
Green Grass & High Tides|The Outlaws|E Standard|E Standard|E Standard
Back on the Chain Gang|The Pretenders|E Standard|E Standard|E Standard
Brass In Pocket|The Pretenders|E Standard|E Standard|Drop D
Don't Get Me Wrong|The Pretenders|E Standard|E Standard|E Standard
I'll Stand By You|The Pretenders|E Standard|E Standard|E Standard
I'm Gonna Be (500 Miles)|The Proclaimers|E Standard|E Standard|E Standard
Gimme Shelter|The Rolling Stones|E Standard|Open E|E Standard
Jumpin' Jack Flash|The Rolling Stones|E Standard|E Standard|E Standard
Sympathy for the Devil|The Rolling Stones|E Standard|E Standard|E Standard
Apache|The Shadows|E Standard|E Standard|E Standard
Get Together|The Youngbloods|E Standard|E Standard (Capo Required)|E Standard
Whiskey in the Jar|Thin Lizzy|E Standard|E Standard|E Standard
A Mad Russian's Christmas|Trans-Siberian Orchestra|E Standard|E Standard|E Standard
Christmas Canon Rock|Trans-Siberian Orchestra|E Standard|E Standard|E Standard
Christmas Eve / Sarajevo 12/24|Trans-Siberian Orchestra|E Standard|E Standard|E Standard
O Come All Ye Faithful / O Holy Night|Trans-Siberian Orchestra|E Standard|E Standard|E Standard
Wizards in Winter|Trans-Siberian Orchestra|E Standard|E Standard|Drop D
What You Know|Two Door Cinema Club|E Standard|Capo Required (E Standard)|E Standard
Bad|U2|E Standard|X|E Standard
Volcano Girls|Veruca Salt|E Standard|E Standard|E Standard
West Coast Blues|Wes Montgomery|E Standard|E Standard|E Standard
Teenage Dirtbag|Wheatus|E Standard|X|E Standard
Back Door Man|Willie Dixon|E Standard|E Standard|E Standard
Kryptonite|3 Doors Down|E Standard|E Standard|E Standard
Away from the Sun|3 Doors Down|E Standard|E Standard|E Standard
It's Not My Time|3 Doors Down|E Standard|E Standard|E Standard
When I'm Gone|3 Doors Down|E Standard|E Standard|E Standard
Loser|3 Doors Down|E Standard|E Standard|E Standard
Let Me Go|3 Doors Down|E Standard|E Standard|E Standard
Be Like That|3 Doors Down|E Standard|E Standard|E Standard
Punishment|9mm Parabellum Bullet|E Standard|E Standard|Drop D
Hold On Loosely|38 Special|E Standard|E Standard|E Standard
Caught Up In You|38 Special|E Standard|E Standard|E Standard
Rockin' Into The Night|38 Special|E Standard|E Standard|E Standard
All Mixed Up|311|E Standard|E Standard|E Standard
Beautiful Disaster|311|E Standard|E Standard|E Standard
Amber|311|E Standard|E Standard|Drop D
Down|311|E Standard|E Standard|E Standard
I Ran (So Far Away)|A Flock of Seagulls|E Standard|E Standard|E Standard
Self-Destruct|Aching Head|E Standard|E Standard|E Standard
Shinsekai|ACIDMAN|E Standard|E Standard|E Standard
Legendary Child|Aerosmith|E Standard|E Standard|E Standard
Sweet Emotion|Aerosmith|E Standard|E Standard|E Standard
Same Old Song and Dance|Aerosmith|E Standard|E Standard|E Standard
Walk This Way|Aerosmith|E Standard|E Standard|E Standard
Oh Yeah|Aerosmith|E Standard|E Standard|E Standard
Totalimmortal|AFI|E Standard|X|E Standard
Thrash Unreal|Against Me!|E Standard|E Standard|E Standard
Too Much, Too Young, Too Fast|Airbourne|E Standard|E Standard|E Standard
Runnin' Wild|Airbourne|E Standard|E Standard|E Standard
Blonde, Bad and Beautiful|Airbourne|E Standard|E Standard|E Standard
Gimme All Your Love|Alabama Shakes|E Standard|E Standard|E Standard
Hold On|Alabama Shakes|E Standard|E Standard|E Standard
Always Alright|Alabama Shakes|E Standard|E Standard|E Standard
Born Under a Bad Sign|Albert King with Stevie Ray Vaughan|E Standard|X|E Standard
The Sky is Crying|Albert King|E Standard|X|E Standard
Got The Time|Anthrax|E Standard|E Standard|E Standard
Caught In A Mosh|Anthrax|E Standard|E Standard|E Standard
Indians|Anthrax|E Standard|E Standard|E Standard
Madhouse|Anthrax|E Standard|E Standard|E Standard
R U Mine?|Arctic Monkeys|E Standard|E Standard|E Standard
Heat Of The Moment|Asia|E Standard|E Standard|E Standard
Like a Stone|Audioslave|E Standard|E Standard|E Standard
Cochise|Audioslave|E Standard|E Standard|E Standard
I Am The Highway|Audioslave|E Standard|E Standard|E Standard
When You're Gone|Avril Lavigne|E Standard|E Standard|E Standard
Complicated|Avril Lavigne|E Standard|D Standard|Drop D
I'm With You|Avril Lavigne|E Standard|E Standard|Drop D
My Happy Ending|Avril Lavigne|E Standard|E Standard|E Standard
Sail|AWOLNATION|E Standard|E Standard|E Standard
Giri Giri chop|B'z|E Standard|X|E Standard
Easy Come, Easy Go!|B'z|E Standard|E Standard|Drop D
Juice|B'z|E Standard|E Standard|E Standard
The Thrill is Gone|B.B. King|E Standard|X|E Standard
Sorrow|Bad Religion|E Standard|E Standard|E Standard
You|Bad Religion|E Standard|E Standard|E Standard
21st Century (Digital Boy)|Bad Religion|E Standard|E Standard|E Standard
American Jesus|Bad Religion|E Standard|E Standard|E Standard
The Funeral|Band of Horses|E Standard|E Standard|Eb Standard
Must Be Christmas|Band of Merrymakers|E Standard|E Standard|E Standard
Joy to the World|Band of Merrymakers|E Standard|E Standard|E Standard
Sabotage|Beastie Boys|E Standard|E Standard|E Standard
When I'm With You|Best Coast|E Standard|E Standard|X
Rock Around The Clock|Bill Haley & His Comets|E Standard|E Standard|E Standard
Lovely Day|Bill Withers|E Standard|E Standard|E Standard
Ain't No Sunshine|Bill Withers|E Standard|E Standard|E Standard
White Wedding ' Part 1|Billy Idol|E Standard|E Standard|E Standard
The Stroke|Billy Squier|E Standard|E Standard|E Standard
Rise Above|Black Flag|E Standard|E Standard|E Standard
Little Black Submarine|Black Keys|E Standard|E Standard|E Standard
No Rain|Blind Melon|E Standard|E Standard|E Standard
Dammit|blink-182|E Standard|E Standard|E Standard
What's My Age Again?|blink-182|E Standard|E Standard|E Standard
All The Small Things|blink-182|E Standard|E Standard|E Standard
The Rock Show|blink-182|E Standard|E Standard|E Standard
First Date|blink-182|E Standard|E Standard|E Standard
Call Me|Blondie|E Standard|E Standard|E Standard
Godzilla|Blue 'yster Cult|E Standard|E Standard|E Standard
(Don't Fear) The Reaper|Blue 'yster Cult|E Standard|E Standard|E Standard
Burnin' For You|Blue 'yster Cult|E Standard|E Standard|E Standard
Hooked On A Feeling|Blue Swede|E Standard|E Standard|E Standard
Song 2|Blur|E Standard|X|Eb Standard
Just Like a Woman|Bob Dylan|E Standard|E Standard (Capo Required)|E Standard
Like a Rolling Stone|Bob Dylan|E Standard|E Standard|E Standard
Subterranean Homesick Blues|Bob Dylan|E Standard|E Standard|E Standard
Knockin' on Heaven's Door|Bob Dylan|E Standard|E Standard|E Standard
Three Little Birds|Bob Marley & the Wailers|E Standard|E Standard|E Standard
Buffalo Soldier|Bob Marley & the Wailers|E Standard|E Standard|E Standard
No Woman, No Cry|Bob Marley & the Wailers|E Standard|E Standard|E Standard
Is This Love|Bob Marley & the Wailers|E Standard|E Standard|E Standard
Could You Be Loved|Bob Marley & the Wailers|E Standard|E Standard|E Standard
Redemption Song|Bob Marley & the Wailers|E Standard|E Standard|E Standard
Ain't No Love in the Heart of the City|Bobby 'Blue' Bland|E Standard|E Standard|E Standard
Your Eyes|Bombay Bicycle Club|E Standard|E Standard|E Standard
Livin' On A Prayer|Bon Jovi|E Standard|E Standard|E Standard
Wanted Dead Or Alive|Bon Jovi|E Standard|E Standard|E Standard
You Give Love A Bad Name|Bon Jovi|E Standard|E Standard|E Standard
It's My Life|Bon Jovi|E Standard|E Standard|Drop C
Green Onions|Booker T. & The M.G.'s|E Standard|E Standard|E Standard
Don't Look Back|Boston|E Standard|E Standard|E Standard
Hitch a Ride|Boston|E Standard|E Standard|E Standard
Amanda|Boston|E Standard|E Standard|Drop D
Foreplay/Long Time|Boston|E Standard|E Standard|E Standard
More Than a Feeling|Boston|E Standard|E Standard|E Standard
The Star-Spangled Banner/4th of July Reprise|Boston|E Standard|E Standard|Drop D
Peace of Mind|Boston|E Standard|E Standard|E Standard
Stray Cat Strut|Brian Setzer|E Standard|E Standard|E Standard
Rock This Town|Brian Setzer|E Standard|E Standard|E Standard
Can You Feel My Heart|Bring Me The Horizon|E Standard|E Standard|E Standard
Only In America|Brooks & Dunn|E Standard|E Standard|E Standard
Comedown|Bush|E Standard|E Standard|E Standard
Everything Zen|Bush|E Standard|E Standard|E Standard
Glycerine|Bush|E Standard|E Standard|E Standard
Swallowed|Bush|E Standard|E Standard|E Standard
Short Skirt/Long Jacket|Cake|E Standard|X|E Standard
Never There|Cake|E Standard|E Standard|E Standard
The Distance|Cake|E Standard|X|E Standard
I Will Survive|Cake|E Standard|E Standard|E Standard
Stickshifts and Safetybelts|Cake|E Standard|X|E Standard
Far Behind|Candlebox|E Standard|E Standard|E Standard
Blue Suede Shoes|Carl Perkins|E Standard|E Standard|E Standard
Surrender|Cheap Trick|E Standard|E Standard|E Standard
25 or 6 to 4|Chicago|E Standard|E Standard|E Standard
Don't Know What You Got (Till it's Gone)|Cinderella|E Standard|E Standard|E Standard
Nobody's Fool|Cinderella|E Standard|E Standard|E Standard
In My Place|Coldplay|E Standard|E Standard (Capo Required)|E Standard
Clocks|Coldplay|E Standard|E Standard|E Standard
The Scientist|Coldplay|E Standard|EADGCf|E Standard
Yellow|Coldplay|E Standard|EABGBd#|E Standard
Fix You|Coldplay|E Standard|EABGBd#|E Standard
Viva La Vida|Coldplay|E Standard|E Standard|Eb Standard
December|Collective Soul|E Standard|E Standard|E Standard
Gel|Collective Soul|E Standard|E Standard|E Standard
The World I Know|Collective Soul|E Standard|E Standard|E Standard
One Last Breath|Creed|E Standard|Drop D|Drop D
Born on the Bayou|Creedence Clearwater Revival|E Standard|E Standard|E Standard
Don't Stop|Crimson|E Standard|X|E Standard
I Want Some More|Dan Auerbach|E Standard|E Standard|E Standard
Kiss On My List|Daryl Hall and John Oates|E Standard|E Standard|E Standard
You Make My Dreams|Daryl Hall and John Oates|E Standard|E Standard|E Standard
Ziggy Stardust|David Bowie|E Standard|E Standard|E Standard
Space Oddity|David Bowie|E Standard|E Standard|E Standard
Suffragette City|David Bowie|E Standard|E Standard|E Standard
Moonage Daydream|David Bowie|E Standard|E Standard|E Standard
Rebel Rebel|David Bowie|E Standard|E Standard|E Standard
The Man Who Sold The World|David Bowie|E Standard|E Standard|E Standard
Highway Star|Deep Purple|E Standard|E Standard|E Standard
Smoke on the Water|Deep Purple|E Standard|E Standard|E Standard
Hysteria|Def Leppard|E Standard|E Standard|E Standard
Pour Some Sugar On Me|Def Leppard|E Standard|E Standard|E Standard
Rock Of Ages|Def Leppard|E Standard|E Standard|E Standard
Girl U Want|Devo|E Standard|E Standard|E Standard
Misirlou|Dick Dale and His Del-Tones|E Standard|X|E Standard
Rainbow in The Dark|Dio|E Standard|E Standard|E Standard
Holy Diver|Dio|E Standard|E Standard|E Standard
Sea to Swallow|Disonaur|E Standard|E Standard|E Standard
Space Ostrich|Disonaur|E Standard|E Standard|E Standard
Drift Away|Dobie Gray|E Standard|E Standard|E Standard
American Pie|Don McLean|E Standard|E Standard|E Standard
Long Train Runnin'|Doobie Brothers|E Standard|E Standard|E Standard
On The Backs Of Angels|Dream Theater|E Standard|E Standard|E Standard
Pull Me Under|Dream Theater|E Standard|E Standard|E Standard
Metropolis Part I: 'The Miracle and the Sleeper'|Dream Theater|E Standard|E Standard|E Standard
I'm Shipping Up To Boston|Dropkick Murphys|E Standard|E Standard|E Standard
Rio|Duran Duran|E Standard|E Standard|E Standard
Ordinary World|Duran Duran|E Standard|E Standard|E Standard
Hungry Like The Wolf|Duran Duran|E Standard|E Standard|E Standard
Save Tonight|Eagle-Eye Cherry|E Standard|E Standard|E Standard
September|Earth, Wind & Fire|E Standard|E Standard|E Standard
Shining Star|Earth, Wind & Fire|E Standard|E Standard|E Standard
Sing A Song|Earth, Wind & Fire|E Standard|E Standard|E Standard
Summertime Blues|Eddie Cochran|E Standard|E Standard|E Standard
Free Ride|Edgar Winter|E Standard|E Standard|E Standard
In the Hall of The Mountain King|Edvard Grieg|E Standard|E Standard|E Standard
Suspicious Minds|Elvis Presley|E Standard|E Standard|E Standard
Cliffs of Dover|Eric Johnson|E Standard|X|E Standard
The Final Countdown|Europe|E Standard|E Standard|E Standard
Going Under|Evanescence|E Standard|E Standard|E Standard
Bring Me to Life|Evanescence|E Standard|E Standard|E Standard
My Immortal|Evanescence|E Standard|E Standard|E Standard
Inside Out|Eve 6|E Standard|E Standard|E Standard
Santa Monica|Everclear|E Standard|E Standard|E Standard
Father of Mine|Everclear|E Standard|E Standard|E Standard
Digging the Grave|Faith No More|E Standard|E Standard|E Standard
Epic|Faith No More|E Standard|E Standard|E Standard
Midlife Crisis|Faith No More|E Standard|E Standard|E Standard
Falling to Pieces|Faith No More|E Standard|E Standard|E Standard
From Out of Nowhere|Faith No More|E Standard|E Standard|E Standard
Dance, Dance|Fall Out Boy|E Standard|E Standard|E Standard
I Don't Care|Fall Out Boy|E Standard|E Standard|E Standard
My Songs Know What You Did in the Dark (Light Em Up)|Fall Out Boy|E Standard|E Standard|E Standard
Paralyzer|Finger Eleven|E Standard|E Standard|E Standard
Go Your Own Way|Fleetwood Mac|E Standard|E Standard (Capo Required)|E Standard
Drunken Lullabies|Flogging Molly|E Standard|E Standard|E Standard
Hocus Pocus|Focus|E Standard|E Standard|E Standard
Walk|Foo Fighters|E Standard|E Standard|E Standard
Rope|Foo Fighters|E Standard|E Standard|E Standard
The Pretender|Foo Fighters|E Standard|E Standard|E Standard
Long Road To Ruin|Foo Fighters|E Standard|E Standard|E Standard
Wheels|Foo Fighters|E Standard|E Standard|E Standard
Best of You|Foo Fighters|E Standard|E Standard|E Standard
My Hero|Foo Fighters|E Standard|E Standard|E Standard
Learn To Fly|Foo Fighters|E Standard|E Standard|E Standard
Times Like These|Foo Fighters|E Standard|E Standard|E Standard
Jukebox Hero|Foreigner|E Standard|E Standard|E Standard
Hot Blooded|Foreigner|E Standard|E Standard|E Standard
Feels Like the First Time|Foreigner|E Standard|E Standard|E Standard
Cold As Ice|Foreigner|E Standard|E Standard|E Standard
Double Vision|Foreigner|E Standard|E Standard|E Standard
Pumped Up Kicks|Foster the People|E Standard|E Standard|E Standard
I Can't Help Myself (Sugar Pie Honey Bunch)|Four Tops|E Standard|E Standard|E Standard
Reach Out I'll Be There|Four Tops|E Standard|E Standard|E Standard
It's The Same Old Song|Four Tops|E Standard|E Standard|E Standard
Bernadette|Four Tops|E Standard|E Standard|E Standard
Take Me Out|Franz Ferdinand|E Standard|E Standard|E Standard
Hide Away|Freddie King|E Standard|E Standard|E Standard
Funeral March|Fr'd'ric Chopin|E Standard|E Standard|E Standard
All Right Now|Free|E Standard|E Standard|E Standard
Some Nights|fun.|E Standard|E Standard|E Standard
I Think I'm Paranoid|Garbage|E Standard|E Standard|Drop D
Stupid Girl|Garbage|E Standard|X|E Standard
Only Happy When it Rains|Garbage|E Standard|E Standard|E Standard
Bright Lights|Gary Clark Jr.|E Standard|E Standard|E Standard
Be-Bop-A-Lula|Gene Vincent and His Blue Caps|E Standard|E Standard|E Standard
Little Green Bag|George Baker Selection|E Standard|E Standard|E Standard
All My Ex's Live in Texas|George Strait|E Standard|E Standard|E Standard
Hey Jealousy|Gin Blossoms|E Standard|E Standard|E Standard
Brand New Kind of Blue|Gold Motel|E Standard|E Standard|E Standard
Death Mental|Golden Bomber|E Standard|E Standard|E Standard
Memeshikute|Golden Bomber|E Standard|E Standard|C# Standard
Superman|Goldfinger|E Standard|E Standard|E Standard
99 Red Balloons|Goldfinger|E Standard|E Standard|E Standard
Paris (Ooh La La)|Grace Potter & The Nocturnals|E Standard|E Standard|E Standard
Sugar Magnolia|Grateful Dead|E Standard|E Standard|E Standard
Friend of the Devil|Grateful Dead|E Standard|E Standard|E Standard
Casey Jones|Grateful Dead|E Standard|E Standard|E Standard
Uncle John's Band|Grateful Dead|E Standard|E Standard|E Standard
Truckin'|Grateful Dead|E Standard|E Standard|E Standard
Bang Bang|Green Day|E Standard|E Standard|E Standard
X-Kid|Green Day|E Standard|E Standard|E Standard
Wake Me Up When September Ends|Green Day|E Standard|E Standard|E Standard
Good Riddance (Time Of Your Life)|Green Day|E Standard|E Standard|E Standard
Oh Love|Green Day|E Standard|E Standard|E Standard
21 Guns|Green Day|E Standard|E Standard|E Standard
American Idiot|Green Day|E Standard|E Standard|E Standard
Burn Nice and Slow (The Formative Years)|Hail the Sun|E Standard|E Standard|E Standard
Eight-Ball, Coroner's Pocket|Hail the Sun|E Standard|E Standard|E Standard
I'm So Lonesome I Could Cry|Hank Williams|E Standard|E Standard|E Standard
Crazy On You|Heart|E Standard|E Standard|E Standard
Barracuda|Heart|E Standard|X|E Standard
Violet|Hole|E Standard|E Standard|E Standard
Celebrity Skin|Hole|E Standard|E Standard|E Standard
The Reason|Hoobastank|E Standard|E Standard|E Standard
Bambina|Hotei|E Standard|E Standard|E Standard
Thrill|Hotei|E Standard|E Standard|E Standard
Battle Without Honor or Humanity|Hotei|E Standard|E Standard|E Standard
Hip To Be Square|Huey Lewis & The News|E Standard|E Standard|E Standard
Search and Destroy|Iggy and The Stooges|E Standard|E Standard|E Standard
It's Time|Imagine Dragons|E Standard|E Standard|E Standard
Radioactive|Imagine Dragons|E Standard|E Standard|E Standard
Pardon Me|Incubus|E Standard|E Standard|E Standard
Megalomaniac|Incubus|E Standard|E Standard|E Standard
Love Hurts|Incubus|E Standard|E Standard|E Standard
Wish You Were Here|Incubus|E Standard|E Standard|E Standard
Anna Molly|Incubus|E Standard|X|E Standard
Drive|Incubus|E Standard|E Standard|E Standard
Stellar|Incubus|E Standard|E Standard|E Standard
Slow Hands|Interpol|E Standard|E Standard|Drop D
In-A-Gadda-Da-Vida|Iron Butterfly|E Standard|X|E Standard
The Trooper|Iron Maiden|E Standard|E Standard|E Standard
Run to the Hills|Iron Maiden|E Standard|E Standard|E Standard
Aces High|Iron Maiden|E Standard|E Standard|E Standard
The Number of the Beast|Iron Maiden|E Standard|E Standard|E Standard
Fear of the Dark|Iron Maiden|E Standard|E Standard|E Standard
2 Minutes to Midnight|Iron Maiden|E Standard|E Standard|E Standard
Bad Things|Jace Everett|E Standard|E Standard|E Standard
Banana Pancakes|Jack Johnson|E Standard|E Standard|E Standard
Sixteen Saltines|Jack White|E Standard|E Standard|E Standard
I Want You Back|Jackson 5|E Standard|E Standard|E Standard
The Can-Can|Jacques Offenbach|E Standard|E Standard|E Standard
Living In America|James Brown|E Standard|E Standard|E Standard
Funk #49|James Gang|E Standard|X|E Standard
Jane Says|Jane's Addiction|E Standard|E Standard|E Standard
Mountain Song|Jane's Addiction|E Standard|E Standard|E Standard
Been Caught Stealing|Jane's Addiction|E Standard|E Standard|E Standard
Angela|Jarvis Cocker|E Standard|X|E Standard
Stay In|JAWS|E Standard|E Standard|E Standard
Somebody To Love|Jefferson Airplane|E Standard|E Standard|E Standard
White Rabbit|Jefferson Airplane|E Standard|E Standard|E Standard
Well OK Honey|Jenny O.|E Standard|E Standard|E Standard
Are You Gonna Be My Girl|Jet|E Standard|E Standard|E Standard
The Wind Cries Mary|Jimi Hendrix|E Standard|E Standard|E Standard
Foxey Lady|Jimi Hendrix|E Standard|E Standard|E Standard
Fire|Jimi Hendrix|E Standard|E Standard|E Standard
Purple Haze|Jimi Hendrix|E Standard|E Standard|E Standard
Sloe Gin|Joe Bonamassa|E Standard|E Standard|Drop D
Satch Boogie|Joe Satriani|E Standard|E Standard|E Standard
Always With Me, Always With You|Joe Satriani|E Standard|E Standard|E Standard
Surfing with the Alien|Joe Satriani|E Standard|E Standard|E Standard
'Little' Fugue in G minor|Johann Sebastian Bach|E Standard|Drop D|E Standard
Boom Boom|John Lee Hooker|E Standard|E Standard|E Standard
Be Careful With A Fool|Johnny Winter|E Standard|E Standard|E Standard
Blaze Of Glory|Jon Bon Jovi|E Standard|E Standard|Drop D
Living After Midnight|Judas Priest|E Standard|E Standard|E Standard
Painkiller|Judas Priest|E Standard|E Standard|E Standard
Breaking the Law|Judas Priest|E Standard|E Standard|E Standard
You've Got Another Thing Comin'|Judas Priest|E Standard|E Standard|E Standard
Electric Eye|Judas Priest|E Standard|E Standard|E Standard
Dust In The Wind|Kansas|E Standard|E Standard|E Standard
Carry On Wayward Son|Kansas|E Standard|E Standard|E Standard
Desolate Motion|Karawan|E Standard|E Standard|E Standard
Underdog|Kasabian|E Standard|E Standard|E Standard
Breakaway|Kelly Clarkson|E Standard|E Standard|E Standard
Footloose|Kenny Loggins|E Standard|E Standard|E Standard
Use Somebody|Kings of Leon|E Standard|E Standard|E Standard
Lick It Up|Kiss|E Standard|E Standard|E Standard
I Was Made For Loving You|Kiss|E Standard|E Standard|E Standard
Love That's Gone|La Sera|E Standard|E Standard|E Standard
May 16|Lagwagon|E Standard|E Standard|E Standard
Are You Gonna Go My Way|Lenny Kravitz|E Standard|E Standard|E Standard
My Own Worst Enemy|Lit|E Standard|E Standard|Eb Standard
Surf Hell|Little Barrie|E Standard|E Standard|E Standard
Cult of Personality|Living Colour|E Standard|E Standard|E Standard
Working For The Weekend|Loverboy|E Standard|E Standard|E Standard
Moonlight Sonata: Adagio Sostenuto|Ludwig van Beethoven|E Standard|E Standard|E Standard
Ode to Joy|Ludwig van Beethoven|E Standard|E Standard|E Standard
Sweet Home Alabama|Lynyrd Skynyrd|E Standard|E Standard|E Standard
Call Me The Breeze|Lynyrd Skynyrd|E Standard|E Standard|E Standard
Gimme Three Steps|Lynyrd Skynyrd|E Standard|E Standard|E Standard
Free Bird|Lynyrd Skynyrd|E Standard|E Standard|E Standard
Tuesday's Gone|Lynyrd Skynyrd|E Standard|E Standard|E Standard
Black Magic|Magic Wands|E Standard|E Standard|E Standard
Sex and Candy|Marcy Playground|E Standard|E Standard|E Standard
Tourniquet|Marilyn Manson|E Standard|E Standard|E Standard
Tainted Love|Marilyn Manson|E Standard|E Standard|E Standard
Misery|Maroon 5|E Standard|E Standard|E Standard
This Love|Maroon 5|E Standard|E Standard|E Standard
She Will Be Loved|Maroon 5|E Standard|X|Drop D
Harder to Breathe|Maroon 5|E Standard|E Standard|E Standard
Ain't No Mountain High Enough|Marvin Gaye & Tammi Terrell|E Standard|E Standard|E Standard
She's So Mean|Matchbox Twenty|E Standard|E Standard|Drop D
Unwell|Matchbox Twenty|E Standard|E Standard|Drop D
How Far We've Come|Matchbox Twenty|E Standard|E Standard|E Standard
On Top of the World|Matt Montgomery, Brian McCune, Brendan West|E Standard|X|E Standard
Hangar 18|Megadeth|E Standard|E Standard|Drop D
Trust|Megadeth|E Standard|E Standard|E Standard
Tornado Of Souls|Megadeth|E Standard|E Standard|E Standard
Holy Wars' The Punishment Due|Megadeth|E Standard|E Standard|E Standard
Public Enemy No. 1|Megadeth|E Standard|E Standard|Drop D
Symphony of Destruction|Megadeth|E Standard|E Standard|E Standard
Peace Sells|Megadeth|E Standard|E Standard|E Standard
I Keep Forgettin' (Every Time You're Near)|Michael McDonald|E Standard|E Standard|E Standard
No Cigar|Millencolin|E Standard|E Standard|E Standard
Cold Company|Minus the Bear|E Standard|E Standard|E Standard
Die, Die My Darling|Misfits|E Standard|E Standard|E Standard
Last Caress|Misfits|E Standard|E Standard|E Standard
Halloween|Misfits|E Standard|E Standard|E Standard
Where Eagles Dare|Misfits|E Standard|E Standard|E Standard
I Melt With You|Modern English|E Standard|E Standard|E Standard
Float On|Modest Mouse|E Standard|E Standard|E Standard
Mississippi Queen|Mountain|E Standard|E Standard|E Standard
Honey Bee|Muddy Waters|E Standard|E Standard|E Standard
Mannish Boy|Muddy Waters|E Standard|E Standard|E Standard
I Can't Be Satisfied|Muddy Waters|E Standard|E Standard|E Standard
Still A Fool|Muddy Waters|E Standard|E Standard|E Standard
Time is Running Out|Muse|E Standard|X|E Standard
Knights of Cydonia|Muse|E Standard|E Standard|E Standard
Hysteria|Muse|E Standard|E Standard|E Standard
Muscle Museum|Muse|E Standard|E Standard|E Standard
Plug In Baby|Muse|E Standard|X|Drop D
Supermassive Black Hole|Muse|E Standard|E Standard|E Standard
Helena|My Chemical Romance|E Standard|E Standard|E Standard
Famous Last Words|My Chemical Romance|E Standard|E Standard|E Standard
Dead!|My Chemical Romance|E Standard|E Standard|E Standard
Teenagers|My Chemical Romance|E Standard|E Standard|E Standard
Welcome to the Black Parade|My Chemical Romance|E Standard|E Standard|E Standard
I'm Not Okay (I Promise)|My Chemical Romance|E Standard|E Standard|E Standard
Na Na Na (Na Na Na Na Na Na Na Na Na)|My Chemical Romance|E Standard|E Standard|E Standard
Planetary (Go!)|My Chemical Romance|E Standard|E Standard|E Standard
Hair of the Dog|Nazareth|E Standard|E Standard|E Standard
My Friends Over You|New Found Glory|E Standard|E Standard|E Standard
All Downhill from Here|New Found Glory|E Standard|E Standard|E Standard
Hit or Miss|New Found Glory|E Standard|E Standard|E Standard
Rockstar|Nickelback|E Standard|E Standard|E Standard
Breed|Nirvana|E Standard|X|E Standard
In Bloom|Nirvana|E Standard|X|E Standard
Ex-Girlfriend|No Doubt|E Standard|E Standard|E Standard
Spiderwebs|No Doubt|E Standard|E Standard|E Standard
Don't Speak|No Doubt|E Standard|E Standard|E Standard
Supersonic|Oasis|E Standard|E Standard|E Standard
Little Talks|Of Monsters and Men|E Standard|E Standard|E Standard
Dead Man's Party|Oingo Boingo|E Standard|E Standard|E Standard
Counting Stars|OneRepublic|E Standard|E Standard|E Standard
(Sittin' On) The Dock of the Bay|Otis Redding|E Standard|E Standard|E Standard
Hey Ya!|Outkast|E Standard|E Standard|E Standard
The Ballad of Mona Lisa|Panic! At The Disco|E Standard|E Standard|E Standard
Domination|Pantera|E Standard|E Standard|E Standard
Mouth For War|Pantera|E Standard|E Standard|E Standard
Cowboys from Hell|Pantera|E Standard|E Standard|E Standard
Hit Me with Your Best Shot|Pat Benatar|E Standard|E Standard|E Standard
Sore Tummy|PAWS|E Standard|E Standard|E Standard
Jeremy|Pearl Jam|E Standard|E Standard|E Standard
Even Flow|Pearl Jam|E Standard|Drop D|Drop D
Alive|Pearl Jam|E Standard|E Standard|E Standard
Last Exit|Pearl Jam|E Standard|E Standard|E Standard
Rearviewmirror|Pearl Jam|E Standard|E Standard|E Standard
Do the Evolution|Pearl Jam|E Standard|E Standard|E Standard
Black|Pearl Jam|E Standard|E Standard|E Standard
Yellow Ledbetter|Pearl Jam|E Standard|E Standard|E Standard
Do You Feel Like We Do|Peter Frampton|E Standard|E Standard|E Standard
Debaser|Pixies|E Standard|E Standard|E Standard
Where Is My Mind?|Pixies|E Standard|E Standard|E Standard
Wave of Mutilation|Pixies|E Standard|E Standard|E Standard
Here Comes Your Man|Pixies|E Standard|E Standard|E Standard
Monkey Gone to Heaven|Pixies|E Standard|E Standard|E Standard
Hey|Pixies|E Standard|E Standard|E Standard
Self Trap|Playground Kings|E Standard|E Standard|E Standard
Jerry Was A Race Car Driver|Primus|E Standard|E Standard|E Standard
Wynona's Big Brown Beaver|Primus|E Standard|E Standard|E Standard
Tommy The Cat|Primus|E Standard|E Standard|E Standard
South Park Theme|Primus|E Standard|E Standard|E Standard
Notecracker Medley|Pyotr Ilyich Tchaikovsky|E Standard|E Standard|E Standard
Under Pressure|Queen and David Bowie|E Standard|E Standard|E Standard
Stone Cold Crazy|Queen|E Standard|E Standard|E Standard
Keep Yourself Alive|Queen|E Standard|E Standard|E Standard
Killer Queen|Queen|E Standard|E Standard|E Standard
Another One Bites the Dust|Queen|E Standard|E Standard|E Standard
Bohemian Rhapsody|Queen|E Standard|E Standard|E Standard
I Want It All|Queen|E Standard|E Standard|E Standard
Crazy Little Thing Called Love|Queen|E Standard|E Standard|E Standard
We Are the Champions|Queen|E Standard|E Standard|E Standard
Little Sister|Queens of the Stone Age|E Standard|E Standard|E Standard
Make It Wit Chu'|Queens of the Stone Age|E Standard|E Standard|E Standard
Go With the Flow|Queens of the Stone Age|E Standard|E Standard|E Standard
I Appear Missing|Queens of the Stone Age|E Standard|E Standard|E Standard
My God is the Sun|Queens of the Stone Age|E Standard|E Standard|E Standard
Eyes Of A Stranger|Queensr'che|E Standard|E Standard|Drop D
Jet City Woman|Queensr'che|E Standard|E Standard|E Standard
Silent Lucidity|Queensr'che|E Standard|E Standard|Drop D
Losing My Religion|R.E.M.|E Standard|E Standard|E Standard
Everybody Hurts|R.E.M.|E Standard|E Standard|E Standard
The One I Love|R.E.M.|E Standard|E Standard|E Standard
Shiny Happy People|R.E.M.|E Standard|E Standard|E Standard
What's The Frequency, Kenneth?|R.E.M.|E Standard|E Standard|E Standard
High and Dry|Radiohead|E Standard|E Standard|E Standard
Creep|Radiohead|E Standard|E Standard|E Standard
Just|Radiohead|E Standard|E Standard|E Standard
Paranoid Android|Radiohead|E Standard|E Standard|E Standard
Down Rodeo|Rage Against The Machine|E Standard|E Standard|E Standard
Know Your Enemy|Rage Against The Machine|E Standard|X|E Standard
Bombtrack|Rage Against The Machine|E Standard|E Standard|E Standard
Black Betty|Ram Jam|E Standard|E Standard|E Standard
Blitzkrieg Bop|Ramones|E Standard|E Standard|E Standard
Maxwell Murder|Rancid|E Standard|E Standard|E Standard
Time Bomb|Rancid|E Standard|E Standard|E Standard
Ruby Soho|Rancid|E Standard|E Standard|E Standard
California Brain|Rapscallions|E Standard|X|E Standard
Go All The Way|Raspberries|E Standard|E Standard|E Standard
Number Thirteen|Red Fang|E Standard|E Standard|E Standard
Higher Ground|Red Hot Chili Peppers|E Standard|E Standard|E Standard
Come And Get Your Love|Redbone|E Standard|E Standard|E Standard
Beer|Reel big Fish|E Standard|E Standard|E Standard
Take It On The Run|REO Speedwagon|E Standard|E Standard|E Standard
Ride Of The Valkyries|Richard Wagner|E Standard|E Standard|E Standard
Jessie's Girl|Rick Springfield|E Standard|E Standard|E Standard
Hello Mary Lou (Goodbye Heart)|Ricky Nelson|E Standard|E Standard|E Standard
La Bamba|Ritchie Valens|E Standard|E Standard|E Standard
Addicted to Love|Robert Palmer|E Standard|E Standard|Drop D
King of The Road|Roger Miller|E Standard|E Standard|E Standard
Sweet Dreams|Roy Buchanan|E Standard|X|E Standard
Little Monster|Royal Blood|E Standard|C Standard|C Standard
Figure It Out|Royal Blood|E Standard|E Standard|E Standard
Escape (The Pi'a Colada Song)|Rupert Holmes|E Standard|E Standard|E Standard
Fly By Night|Rush|E Standard|E Standard|E Standard
Limelight|Rush|E Standard|X|E Standard
Working Man|Rush|E Standard|E Standard|E Standard
The Spirit of Radio|Rush|E Standard|E Standard|E Standard
Red Barchetta|Rush|E Standard|X|E Standard
La Villa Strangiato|Rush|E Standard|E Standard|E Standard
Closer To The Heart|Rush|E Standard|E Standard|E Standard
Freewill|Rush|E Standard|E Standard|E Standard
Subdivisions|Rush|E Standard|X|E Standard
YYZ|Rush|E Standard|X|E Standard
Tom Sawyer|Rush|E Standard|X|E Standard
Headlong Flight|Rush|E Standard|X|E Standard
Smooth|Santana|E Standard|X|E Standard
Black Magic Woman|Santana|E Standard|X|E Standard
Oye Como Va|Santana|E Standard|X|E Standard
Rotten Apple|Screaming Females|E Standard|E Standard|E Standard
Closing Time|Semisonic|E Standard|E Standard|E Standard
If It Makes You Happy|Sheryl Crow|E Standard|E Standard|E Standard
My Favorite Mistake|Sheryl Crow|E Standard|E Standard|E Standard
Soak Up The Sun|Sheryl Crow|E Standard|E Standard (Capo Required)|E Standard
Second Chance|Shinedown|E Standard|E Standard (Capo Required)|E Standard
Simple Man|Shinedown|E Standard|E Standard|E Standard
45|Shinedown|E Standard|E Standard|E Standard
Venus|Shocking Blue|E Standard|E Standard|E standard
Gobbledigook|Sigur R's|E Standard|E Standard|E Standard
Tomorrow|Silverchair|E Standard|E Standard|E Standard
Panic Switch|Silversun Pickups|E Standard|X|E Standard
Don't You (Forget About Me)|Simple Minds|E Standard|E Standard|E Standard
Youth Gone Wild|Skid Row|E Standard|E Standard|Drop D
I Remember You|Skid Row|E Standard|E Standard|E Standard
Monkey Business|Skid Row|E Standard|E Standard|E Standard
18 and Life|Skid Row|E Standard|E Standard|E Standard
Back From Cali|Slash featuring Myles Kennedy|E Standard|E Standard|E Standard
Fell On Black Days|Soundgarden|E Standard|E Standard|E Standard
Two Princes|Spin Doctors|E Standard|E Standard|E Standard
Little Miss Can't Be Wrong|Spin Doctors|E Standard|E Standard|E Standard
Gimme Some Money|Spinal Tap|E Standard|E Standard|E Standard
Big Bottom|Spinal Tap|E Standard|E Standard|E Standard
Stonehenge|Spinal Tap|E Standard|E Standard|E Standard
Tonight I'm Gonna Rock You Tonight|Spinal Tap|E Standard|E Standard|E Standard
Sex Farm|Spinal Tap|E Standard|E Standard|E Standard
All I Wanna Do|Splashh|E Standard|E Standard|E Standard
Me and The Bean|Spoon|E Standard|E Standard|E Standard
Magic Carpet Ride|Steppenwolf|E Standard|E Standard|E Standard
Born to Be Wild|Steppenwolf|E Standard|X|E Standard
For The Love of God|Steve Vai|E Standard|E Standard|E Standard
Higher Love|Steve Winwood|E Standard|E Standard|E Standard
Sir Duke|Stevie Wonder|E Standard|E Standard|E Standard
Alternative Ulster|Stiff Little Fingers|E Standard|E Standard|E Standard
Plush|Stone Temple Pilots|E Standard|E Standard|E Standard
Wicked Garden|Stone Temple Pilots|E Standard|E Standard|E Standard
Interstate Love Song|Stone Temple Pilots|E Standard|E Standard|E Standard
Sex Type Thing|Stone Temple Pilots|E Standard|E Standard|E Standard
Creep|Stone Temple Pilots|E Standard|E Standard|E Standard
Vasoline|Stone Temple Pilots|E Standard|E Standard|E Standard
Big Empty|Stone Temple Pilots|E Standard|E Standard|E Standard
Blue Collar Man (Long Nights)|Styx|E Standard|E Standard|E Standard
Renegade|Styx|E Standard|E Standard|E Standard
Wrong Way|Sublime|E Standard|E Standard|E Standard
Santeria|Sublime|E Standard|E Standard|E Standard
Smoke Two Joints|Sublime|E Standard|E Standard|Drop D
Caress Me Down|Sublime|E Standard|E Standard|E Standard
What I Got|Sublime|E Standard|E Standard|E Standard
Badfish|Sublime|E Standard|E Standard|Drop D
In Too Deep|Sum 41|E Standard|E Standard|E Standard
Still Waiting|Sum 41|E Standard|E Standard|E Standard
The Hell Song|Sum 41|E Standard|E Standard|E Standard
Alright|Supergrass|E Standard|E Standard|E Standard
Burning Heart|Survivor|E Standard|E Standard|E Standard
Eye of the Tiger|Survivor|E Standard|E Standard|E Standard
Ballroom Blitz|Sweet|E Standard|E Standard|E Standard
Mean Bitch|Taddy Porter|E Standard|E Standard|E Standard
Go Further|Tak Matsumoto|E Standard|E Standard|E Standard
Everybody Wants To Rule The World|Tears For Fears|E Standard|Drop D|Drop D
Stranglehold|Ted Nugent|E Standard|E Standard|E Standard
Tribute|Tenacious D|E Standard|E Standard|E Standard
Master Exploder|Tenacious D|E Standard|E Standard|E Standard
Love Song|Tesla|E Standard|E Standard|E Standard
Modern Day Cowboy|Tesla|E Standard|E Standard|E Standard
Gives You Hell|The All-American Rejects|E Standard|E Standard|E Standard
Dirty Little Secret|The All-American Rejects|E Standard|E Standard (Capo Required)|E Standard
Jessica|The Allman Brothers Band|E Standard|X|E Standard
Southbound|The Allman Brothers Band|E Standard|X|E Standard
Whipping Post|The Allman Brothers Band|E Standard|E Standard|E Standard
House of the Rising Sun|The Animals|E Standard|X|E Standard
Surfin' U.S.A.|The Beach Boys|E Standard|E Standard|E Standard
Next Girl|The Black Keys|E Standard|X|E Standard
Howlin' For You|The Black Keys|E Standard|E Standard|E Standard
Mind Eraser|The Black Keys|E Standard|E Standard|E Standard
thickfreakness|The Black Keys|E Standard|E Standard|E Standard
I Got Mine|The Black Keys|E Standard|X|E Standard
Just Got To Be|The Black Keys|E Standard|E Standard (Capo Required)|X
Tighten Up|The Black Keys|E Standard|E Standard|E Standard
Lonely Boy|The Black Keys|E Standard|E Standard|E Standard
Your Touch|The Black Keys|E Standard|E Standard|E Standard
Soul Man|The Blues Brothers|E Standard|E Standard|E Standard
Step Out of the Car|The Boxer Rebellion|E Standard|X|E Standard
Wherever You WIll Go|The Calling|E Standard |E Standard (Capo Required)|E Standard
You're All I've Got Tonight|The Cars|E Standard|E Standard|E Standard
My Best Friend's Girl|The Cars|E Standard|E Standard|E Standard
Let's Go|The Cars|E Standard|E Standard|E Standard
Good Times Roll|The Cars|E Standard|E Standard|E Standard
Just What I Needed|The Cars|E Standard|E Standard|E Standard
Bye Bye Love|The Cars|E Standard|E Standard|E Standard
Tequila|The Champs|E Standard|E Standard|E Standard
Pipeline|The Chantays|E Standard|E Standard|E Standard
Guns of Brixton|The Clash|E Standard|E Standard|E Standard
I Fought The Law|The Clash|E Standard|E Standard|E Standard
London Calling|The Clash|E Standard|E Standard|E Standard
Zombie|The Cranberries|E Standard|E Standard|E Standard
We Share the Same Skies|The Cribs|E Standard|E Standard|E Standard
Lovesong|The Cure|E Standard|E Standard|E Standard
Boys Don't Cry|The Cure|E Standard|E Standard|E Standard
Just Like Heaven|The Cure|E Standard|E Standard|E Standard
I Believe In A Thing Called Love|The Darkness|E Standard|E Standard|E Standard
I Can't Hear You|The Dead Weather|E Standard|X|E Standard
Stuck on a Wire Out on a Fence|The Dear Hunter|E Standard|E Standard|E Standard
Take It Off|The Donnas|E Standard|E Standard|E Standard
China Grove|The Doobie Brothers|E Standard|E Standard|E Standard
Roadhouse Blues|The Doors'|E Standard|X|E Standard
Riders on the Storm|The Doors|E Standard|X|E Standard
L.A. Woman|The Doors|E Standard|E Standard|E Standard
Break On Through (To the Other Side)|The Doors|E Standard|E Standard|E Standard
Frankenstein|The Edgar Winter Group|E Standard|E Standard|E Standard
F.C.P.R.E.M.I.X.|The Fall of Troy|E Standard|E Standard|E Standard
She Don't Use Jelly|The Flaming Lips|E Standard|E Standard|E Standard
Chelsea Dagger|The Fratellis|E Standard|E Standard|E Standard
How To Save A Life|The Fray|E Standard|E Standard (Capo Required)|E Standard
American Woman|The Guess Who|E Standard|E Standard|E Standard
Hate to Say I Told You So|The Hives|E Standard|E Standard|E Standard
Do You Remember|The Horrors|E Standard|E Standard|E Standard
Spaceman|The Killers|E Standard|E Standard|E Standard
My Sharona|The Knack|E Standard|E Standard|E Standard
Don't Look Back into the Sun|The Libertines|E Standard|E Standard|E Standard
Can't Stand Me Now|The Libertines|E Standard|E Standard|E Standard
What Katie Did|The Libertines|E Standard|E Standard|E Standard
Surf Rider|The Lively Ones|E Standard|E Standard|E Standard
Ho Hey|The Lumineers|E Standard|E Standard|E Standard
California Dreamin'|The Mamas & The Papas|E Standard|E Standard|E Standard
Valleri|The Monkees|E Standard|E Standard|E Standard
Last Train to Clarksville|The Monkees|E Standard|E Standard|E Standard
Pleasant Valley Sunday|The Monkees|E Standard|E Standard|E Standard
Back to the Future|The Notetrackers|E Standard|E Standard|E Standard
Batman ' Theme|The Notetrackers|E Standard|E Standard|E Standard
Superman ' Main Title|The Notetrackers|E Standard|E Standard|E Standard
Jurassic Park ' Theme|The Notetrackers|E Standard|Drop D|Drop D
The Kids Aren't Alright|The Offspring|E Standard|E Standard|E Standard
Self Esteem|The Offspring|E Standard|E Standard|E Standard
Pretty Fly (For a White Guy)|The Offspring|E Standard|E Standard|E Standard
Come Out and Play (Keep 'Em Separated)|The Offspring|E Standard|E Standard|E Standard
Want You Bad|The Offspring|E Standard|E Standard|E Standard
You're Gonna Go Far, Kid|The Offspring|E Standard|E Standard|E Standard
All I Want|The Offspring|E Standard|E Standard|E Standard
Gone Away|The Offspring|E Standard|E Standard|E Standard
Every Breath You Take|The Police|E Standard|E Standard|E Standard
Message In a Bottle|The Police|E Standard|E Standard|E Standard
Synchronicity II|The Police|E Standard|X|E Standard
Heaven Knows|The Pretty Reckless|E Standard|E Standard|E Standard
Penetration|The Pyramids|E Standard|E Standard|E Standard
Paint It, Black|The Rolling Stones|E Standard|E Standard|E Standard
The Spider and the Fly|The Rolling Stones|E Standard|E Standard|E Standard
(I Can't Get No) Satisfaction|The Rolling Stones|E Standard|E Standard|E Standard
Play With Fire|The Rolling Stones|E Standard|X|X
Cherry Bomb|The Runaways|E Standard|E Standard|E Standard
Caring is Creepy|The Shins|E Standard|E Standard|E Standard
For A Fool|The Shins|E Standard|E Standard|E Standard
Today|The Smashing Pumpkins|E Standard|E Standard|E Standard
Cherub Rock|The Smashing Pumpkins|E Standard|E Standard|E Standard
I Wanna Be Adored|The Stone Roses|E Standard|E Standard|E Standard
She Bangs the Drums|The Stone Roses|E Standard|E Standard|E Standard
Juicebox|The Strokes|E Standard|E Standard|E Standard
Taken For A Fool|The Strokes|E Standard|E Standard|Drop D
12:51|The Strokes|E Standard|E Standard|E Standard
Reptilia|The Strokes|E Standard|E Standard|E Standard
Under Cover of Darkness|The Strokes|E Standard|E Standard|E Standard
Someday|The Strokes|E Standard|E Standard|E Standard
Last Nite|The Strokes|E Standard|E Standard|E Standard
You Only Live Once|The Strokes|E Standard|E Standard|E Standard
Wipe Out|The Surfaris|E Standard|E Standard|E Standard
My Girl|The Temptations|E Standard|E Standard|E Standard
Walk Don't Run|The Ventures|E Standard|E Standard|E Standard
Becoming a Jackal|The Villagers|E Standard|E Standard|E Standard
Get Free|The Vines|E Standard|E Standard|Drop D
You Don't Know What Love Is (You Just Do as You're Told)|The White Stripes|E Standard|E Standard|X
The Hardest Button To Button|The White Stripes|E Standard|E Standard|E Standard
Blue Orchid|The White Stripes|E Standard|E Standard|X
Fell In Love With A Girl|The White Stripes|E Standard|E Standard|E Standard
Icky Thump|The White Stripes|E Standard|X|X
My Generation|The Who|E Standard|E Standard|E Standard
Who Are You|The Who|E Standard|E Standard|E Standard
The Seeker|The Who|E Standard|E Standard|E Standard
Pinball Wizard|The Who|E Standard|E Standard|E Standard
Islands|The xx|E Standard|X|E Standard
Chimney|The Yellow Moon Band|E Standard|E Standard|E Standard
Mind Eraser, No Chaser|Them Crooked Vultures|E Standard|E Standard|E Standard
Dancing In The Moonlight (It's Caught Me In Its Spotlight)|Thin Lizzy|E Standard|E Standard|E Standard
Semi-Charmed Life|Third Eye Blind|E Standard|E Standard|E Standard
Never Let You Go|Third Eye Blind|E Standard|E Standard|E Standard
How's It Going To Be|Third Eye Blind|E Standard|E Standard|E Standard
Jumper|Third Eye Blind|E Standard|E Standard|E Standard
The Kill|Thirty Seconds To Mars|E Standard|E Standard|E Standard
A More Perfect Union|Titus Andronicus|E Standard|E Standard|E Standard
Possum Kingdom|Toadies|E Standard|E Standard|E Standard
Life is a Highway|Tom Cochrane|E Standard|E Standard|E Standard
Mary Jane's Last Dance|Tom Petty and the Heartbreakers|E Standard|E Standard|E Standard
Good Enough|Tom Petty and the Heartbreakers|E Standard|E Standard|E Standard
American Girl|Tom Petty and the Heartbreakers|E Standard|E Standard|E Standard
Refugee|Tom Petty and the Heartbreakers|E Standard|E Standard|E Standard
Learning To Fly|Tom Petty and the Heartbreakers|E Standard|E Standard|E Standard
Free Fallin|Tom Petty|E Standard|E Standard (Capo Required)|E Standard
867-5309/Jenny|Tommy Tutone|E Standard|E Standard|E Standard
Hold The Line|Toto|E Standard|E Standard|E Standard
Rosanna|Toto|E Standard|E Standard|E Standard
Drops of Jupiter|Train|E Standard|E Standard|E Standard
I Wanna Rock|Twisted Sister|E Standard|E Standard|E Standard
We're Not Gonna Take It|Twisted Sister|E Standard|E Standard|E Standard
Where The Streets Have No Name|U2|E Standard|E Standard|E Standard
With Or Without You|U2|E Standard|E Standard|E Standard
Vertigo|U2|E Standard|E Standard|E Standard
Beautiful Day|U2|E Standard|E Standard|E Standard
Rocksmith 2012 Theme|Ubisoft|E Standard|X|E Standard
Cousins|Vampire Weekend|E Standard|E Standard|E Standard
Impossible Dreams|Versus Them|E Standard|X|E Standard
Six AM Salvation|Versus Them|E Standard|E Standard|E Standard
Shut Up and Dance|WALK THE MOON|E Standard|E Standard|E Standard
Cherry Pie|Warrant|E Standard|E Standard|E Standard
Hash Pipe|Weezer|E Standard|E Standard|E Standard
Island in the Sun|Weezer|E Standard|E Standard|E Standard
Burnished|White Denim|E Standard|E Standard|E Standard
Black Sunshine|White Zombie|E Standard|E Standard|E Standard
ThunderKiss '65|White Zombie|E Standard|E Standard|E Standard
Is This Love|Whitesnake|E Standard|E Standard|E Standard
Play That Funky Music|Wild Cherry|E Standard|E Standard|E Standard
On The Road Again|Willie Nelson|E Standard|E Standard|E Standard
Symphony No. 40|Wolfgang Amadeus Mozart|E Standard|E Standard|E Standard
Rondo Alla Turca|Wolfgang Amadeus Mozart|E Standard|E Standard|E Standard
Woman|Wolfmother|E Standard|E Standard|E Standard
Los Angeles|X|E Standard|E Standard|E Standard
Roundabout|Yes|E Standard|E Standard|E Standard
Owner of a Lonely Heart|Yes|E Standard|E Standard|E Standard
I've Seen All Good People|Yes|E Standard|E Standard|E Standard
Starship Trooper|Yes|E Standard|E Standard|E Standard
Heart Of The Sunrise|Yes|E Standard|E Standard|E Standard
Light My Fire|The Doors|E Standard (A425)|E Standard (A425)|E Standard (A425)
Castles Made Of Sand|Jimi Hendrix|E Standard (A428)|E Standard (A428)|E Standard (A428)
Heaven's On Fire|Kiss|E Standard (A431)|E Standard (A431)|E Standard (A431)
Cemetery Gates|Pantera|E Standard (A434)|E Standard (A434)|E Standard (A434)
Champagne Supernova|Oasis|E Standard (A443)|E Standard (A443)|E Standard (A443)
20th Century Boy|T. Rex|E Standard (A443)|E Standard (A443)|E Standard (A443)
Dream On|Aerosmith|E Standard (A444)|E Standard (A444)|E Standard (A444)
Ultra Soul|B'z|E Standard (A444)|E Standard (A444)|E Standard (A444)
The End of the World|The Cure|E Standard (A445)|E Standard (A445)|Drop D (A445)
People Are Strange|The Doors|E Standard (A445)|E Standard (A445)|E Standard (A445)
Balls To The Wall|Accept|E Standard (A446)|E Standard (A446)|E Standard (A446)
Spoonful|Howlin' Wolf|E Standard (A446)|E Standard (A446)|E Standard (A446)
Rock and Roll, Hoochie Koo|Rick Derringer|E Standard (A446)|E Standard (A446)|E Standard (A446)
Love Me Two Times|The Doors|E Standard (A446)|E Standard (A446)|E Standard (A446)
No More Mr. Nice Guy|Alice Cooper|E Standard (A447)|E Standard (A447)|E Standard (A447)
Machinehead|Bush|E Standard (A447)|E Standard (A447)|E Standard (A447)
Behind Blue Eyes|The Who|E Standard (A447)|E Standard (A447)|E Standard (A447)
Live Forever|Oasis|E Standard (A449)|E Standard (A449)|E Standard (A449)
Some Might Say|Oasis|E Standard (A450)|E Standard (A450)|E Standard (A450)
Don't Look Back In Anger|Oasis|E Standard (A451)|E Standard (A451)|E Standard (A451)
Baba O'Riley|The Who|E Standard (A454)|X|E Standard (A454)
Friday I'm In Love|The Cure|E Standard (A456)|E Standard (A456)|Drop D (A456)
You Really Got Me|The Kinks|E Standard (A461)|E Standard (A461)|E Standard (A461)
Sunday Mornin' Comin' Down|Johnny Cash|E Standard (Capo Required)|E Standard (Capo Required)|E Standard
Give My Love To Rose|Johnny Cash|E Standard (Capo Required)|E Standard (Capo Required)|E Standard
Stay (I Missed You)|Lisa Loeb|E Standard (Capo Required)|E Standard (Capo Required)|E Standard
I Will Wait|Mumford & Sons|E Standard (Capo Required)|Custom Tuning (Open Db/C#)|E Standard
Don't Know Why|Norah Jones|E Standard (Capo Required)|E Standard|E Standard
Sunrise|Norah Jones|E Standard (Capo Required)|E Standard (Capo Required)|E Standard
No Surprises|Radiohead|E Standard (Capo Required)|E Standard (Capo Required)|E Standard
Jet Airliner|Steve Miller Band|E Standard (Capo Required)|E Standard (Capo Required)|E Standard
Be Yourself|Audioslave|E Standard (Capo Required)|E Standard (Capo Required)|E Standard
I Miss You|blink-182|E Standard (Capo Required)|E Standard (Capo Required)|E Standard (Capo Required)
Feel The Pain|Dinosaur Jr.|E Standard (Capo Required)|E Standard (Capo Required)|E Standard
Hallelujah|Jeff Buckley|E Standard (Capo Required)|E Standard|E Standard
Time In A Bottle|Jim Croce|E Standard (Capo Required)|E Standard|E Standard
The Gambler|Kenny Rogers|E Standard (Capo Required)|E Standard (Capo Required)|E Standard
3AM|Matchbox Twenty|E Standard (Capo Required)|E Standard (Capo Required)|E Standard (Capo Required)
Wonderwall|Oasis|E Standard (Capo Required)|E Standard (Capo Required)|E Standard
Let Her Go|Passenger|E Standard (Capo Required)|E Standard|E Standard
Fall Back Down|Rancid|E Standard (Capo Required)|E Standard (Capo Required)|E Standard
Kiss Me|Sixpence None The Richer|E Standard (Capo Required)|E Standard (Capo Required)|E Standard
If You Could Only See|Tonic|E Standard (Capo Required)|E Standard (Capo Required)|Eb Standard
Misery Business|Paramore|Eb Drop Db|Eb Drop Db|C# Standard
crushcrushcrush|Paramore|Eb Drop Db|Eb Drop Db|C# Standard
Built To Fall|Trivium|Eb Drop Db|Eb Drop Db|Eb Drop Db
In Waves|Trivium|Eb Drop Db|Eb Drop Db|Eb Drop Db
Strife|Trivium|Eb Drop Db|Eb Drop Db|Eb Drop Db
It's Complicated|A Day To Remember|Eb Drop Db|Eb Drop Db|Eb Drop Db
Stone|Alice In Chains|Eb Drop Db|Eb Drop Db|Eb Drop Db
Hollow|Alice In Chains|Eb Drop Db|Eb Drop Db|Eb Drop Db
Them Bones|Alice In Chains|Eb Drop Db|Eb Drop Db|Eb Drop Db
Somewhere in Neverland|All Time Low|Eb Drop Db|Eb Drop Db|Eb Standard
Black Chandelier|Biffy Clyro|Eb Drop Db|Eb Drop Db|Eb Drop Db
Mountains|Biffy Clyro|Eb Drop Db|Eb Drop Db|Eb Drop Db
Many Of Horror|Biffy Clyro|Eb Drop Db|Eb Drop Db|Eb Drop Db
In The End|Black Veil Brides|Eb Drop Db|Eb Drop Db|Eb Drop Db
Polyamorous|Breaking Benjamin|Eb Drop Db|Eb Drop Db|Eb Drop Db
Shine|Collective Soul|Eb Drop Db|Eb Standard|Eb Drop Db
Legend of The Spaceborne Killer|Crobot|Eb Drop Db|Eb Drop Db|Eb Drop Db
My Own Summer (Shove It)|Deftones|Eb Drop Db|Eb Drop Db|Eb Drop Db
Be Quiet And Drive (Far Away)|Deftones|Eb Drop Db|Eb Drop Db|Eb Drop Db
Ten Thousand Fists|Disturbed|Eb Drop Db|Eb Drop Db|Eb Drop Db
Voices|Disturbed|Eb Drop Db|X|Eb Drop Db
Down with the Sickness|Disturbed|Eb Drop Db|Eb Drop Db|Eb Drop Db
Lifestyles Of The Rich And Famous|Good Charlotte|Eb Drop Db|Eb Drop Db|Eb Drop Db
Bad Romance|Halestorm|Eb Drop Db|Eb Drop Db|Eb Drop Db
Yasashiku Naritai|Kazuyoshi Saito|Eb Drop Db|Eb Standard|E Standard
Ghost Walking|Lamb of God|Eb Drop Db|Eb Drop Db|Eb Drop Db
One Step Closer|Linkin Park|Eb Drop Db|Eb Drop Db|Eb Drop Db
In the End|Linkin Park|Eb Drop Db|Eb Drop Db|Eb Drop Db
Numb|Linkin Park|Eb Drop Db|Eb Drop Db|Eb Drop Db
Heart Shaped Box|Nirvana|Eb Drop Db|Eb Drop Db|Eb Drop Db
NO SCARED|ONE OK ROCK|Eb Drop Db|Eb Drop Db|Eb Drop Db
Liar|ONE OK ROCK|Eb Drop Db|Eb Drop Db|Eb Drop Db
Scars|Papa Roach|Eb Drop Db|Eb Drop Db|Eb Drop Db
When Worlds Collide|Powerman 5000|Eb Drop Db|Eb Drop Db|Eb Drop Db
Remedy|Seether|Eb Drop Db|Eb Drop Db|Eb Drop Db
Bully|Shinedown|Eb Drop Db|Eb Drop Db|Eb Drop Db
Hero|Skillet|Eb Drop Db|Eb Drop Db|Eb Drop Db
It's Been Awhile|Staind|Eb Drop Db|Eb Standard|Eb Standard
Outside|Staind|Eb Drop Db|Eb Standard|C# Standard
Hypnotize|System of a Down|Eb Drop Db|Eb Drop Db|Eb Drop Db
B.Y.O.B.|System of a Down|Eb Drop Db|X|Eb Drop Db
Peaches|The Presidents of The United States of America|Eb Drop Db|Eb Drop Db|Eb Drop Db
Just Like You|Three Days Grace|Eb Drop Db|Eb Drop Db|Eb Drop Db
Deadbolt|Thrice|Eb Drop Db|Eb Drop Db|Eb Drop Db
When I Come Around|Green Day|Eb Standard|Eb Standard|Eb Standard
Welcome To Paradise|Green Day|Eb Standard|Eb Standard|Eb Standard
A Case of You|Joni Mitchell|Eb Standard|E Standard (Capo Required)|E Standard
Both Sides, Now|Joni Mitchell|Eb Standard|Open D (Capo Required)|E Standard
Immortal Rites|Morbid Angel|Eb Standard|Eb Standard|Eb Standard
Fallen Angel|Poison|Eb Standard|Eb Standard|Eb Standard
You're Still The One|Shania Twain|Eb Standard|Capo Required (E Standard)|E Standard
Bother|Stone Sour|Eb Standard|Eb Standard|Eb Standard
Here Without You|3 Doors Down|Eb Standard|Eb Standard|E Standard
Miss Murder|AFI|Eb Standard|Eb Standard|Eb Standard
Silver and Cold|AFI|Eb Standard|Eb Standard|Eb Standard
Girl's Not Grey|AFI|Eb Standard|Eb Standard|Eb Standard
Don't Wanna Fight|Alabama Shakes|Eb Standard|Eb Standard|Eb Standard
Man in the Box|Alice In Chains|Eb Standard|Eb Standard|Eb Standard
Check My Brain|Alice In Chains|Eb Standard|Eb Standard|Eb Drop Db
Would?|Alice In Chains|Eb Standard|Eb Standard|Eb Standard
Down In A Hole|Alice in Chains|Eb Standard|Eb Standard|Eb Drop Db
Heaven Beside You|Alice in Chains|Eb Standard|Eb Standard|Eb Standard
No Excuses|Alice in Chains|Eb Standard|Eb Standard|Eb Standard
Nutshell|Alice in Chains|Eb Standard|Eb Standard|Eb Standard
Rooster|Alice in Chains|Eb Standard|Eb Standard|Eb Standard
Blackbird|Alter Bridge|Eb Standard|Eb Drop Db|Eb Drop Db
Turn Up the Radio|Autograph|Eb Standard|Eb Standard|Eb Standard
No Sleep Till Brooklyn|Beastie Boys|Eb Standard|Eb Standard|Eb Standard
Fight For Your Right|Beastie Boys|Eb Standard|Eb Standard|Eb Standard
Bubbles|Biffy Clyro|Eb Standard|Eb Standard|Eb Standard
Stillborn|Black Label Society|Eb Standard|Eb Standard|Eb Standard
Okay I Believe You, But My Tommy Gun Don't|Brand New|Eb Standard|Eb Standard|Eb Drop Db
The Quiet Things That No One Ever Knows|Brand New|Eb Standard|EB Standard|Eb Standard
Sic Transit Gloria'Glory Fades|Brand New|Eb Standard|Eb Standard|Eb Standard
Heavy|Collective Soul|Eb Standard|Eb Standard|Eb Standard
Fly on The Wall|Crobot|Eb Standard|Eb Standard|Eb Standard
Nowhere to Hide|Crobot|Eb Standard|Eb Standard|Eb Standard
Asylum|Disturbed|Eb Standard|Eb Standard|Eb Standard
More Than Words|Extreme|Eb Standard|Eb Standard|Eb Standard
Play With Me|Extreme|Eb Standard|Eb Standard|Eb Standard
Hemorrhage (In My Hands)|Fuel|Eb Standard|Eb Standard|Eb Standard
Earphone|Golden Bomber|Eb Standard|Eb Standard|Eb Standard
The River|Good Charlotte|Eb Standard|Eb Standard|Eb Standard
The Anthem|Good Charlotte|Eb Standard|Eb Drop Db|Eb Standard
Girls & Boys|Good Charlotte|Eb Standard|Eb Standard|Eb Standard
I Just Wanna Live|Good Charlotte|Eb Standard|Eb Standard|Eb Standard
Longview|Green Day|Eb Standard|Eb Standard|Eb Standard
Basket Case|Green Day|Eb Standard|Eb Standard|Eb Standard
Demons|Imagine Dragons|Eb Standard|Eb Standard|Eb Standard
Just Because|Jane's Addiction|Eb Standard|Eb Standard|Eb Standard
Freedom|Jimi Hendrix|Eb Standard|Eb Standard|Eb Standard
Red House|Jimi Hendrix|Eb Standard|Eb Standard|X
Bold As Love|Jimi Hendrix|Eb Standard|Eb Standard|Eb Standard
Little Wing|Jimi Hendrix|Eb Standard|Eb Standard|Eb Standard
Danger Zone|Kenny Loggins|Eb Standard|Eb Standard|E Standard
Detroit Rock City|Kiss|Eb Standard|Eb Standard|Eb Standard
Love Gun|Kiss|Eb Standard|Eb Standard|Eb Standard
Strutter|Kiss|Eb Standard|Eb Standard|Eb Standard
Rock and Roll All Nite|Kiss|Eb Standard|Eb Standard|Eb Standard
God Of Thunder|Kiss|Eb Standard|Eb Standard|Eb Standard
All Over You|LIve|Eb Standard|Eb Standard|Eb Standard
Selling The Drama|LIve|Eb Standard|Eb Standard|Eb Standard
The Dolphin's Cry|LIve|Eb Standard|Eb Standard|Eb Standard
I Alone|LIve|Eb Standard|Eb Standard|Eb Standard
Lightning Crashes|LIve|Eb Standard|Eb Standard|Eb Standard
Simple Man|Lynyrd Skynyrd|Eb Standard|Eb Standard|Eb Standard
Push|Matchbox Twenty|Eb Standard|Eb Standard|Eb Standard
A Tout Le Monde|Megadeth|Eb Standard|Eb Standard|Eb Standard
Killed by Death|Mot'rhead|Eb Standard|Eb Standard|Eb Standard
Ace of Spades|Mot'rhead|Eb Standard|Eb Standard|Eb Standard
Out Of My Mind|Philip Sayce|Eb Standard|Eb Standard|Eb Standard
Every Rose Has Its Thorn|Poison|Eb Standard|Eb Standard|Eb Standard
Nothin' but a Good Time|Poison|Eb Standard|Eb Standard|Eb Standard
Talk Dirty To Me|Poison|Eb Standard|Eb Standard|Eb Drop Db
Bulls On Parade|Rage Against The Machine|Eb Standard|Eb Standard|Eb Standard
Round and Round|Ratt|Eb Standard|Eb Standard|Eb Standard
Give It All|Rise Against|Eb Standard|Eb Standard|Eb Standard
Paper Wings|Rise Against|Eb Standard|Eb Standard|Eb Standard
Help Is On The Way|Rise Against|Eb Standard|Eb Standard|Eb Standard
Savior|Rise Against|Eb Standard|Eb Standard|Eb Standard
Ready To Fall|Rise Against|Eb Standard|Eb Standard|Eb Standard
Re-Education (Through Labor)|Rise Against|Eb Standard|Eb Standard|Eb Standard
Prayer of The Refugee|Rise Against|Eb Standard|Eb Standard|Eb Standard
Audience Of One|Rise Against|Eb Standard|Eb Standard|Eb Standard
Make It Stop (September's Children)|Rise Against|Eb Standard|Eb Standard|Eb Standard
Satellite|Rise Against|Eb Standard|Eb Standard|Eb Standard
Swing Life Away|Rise Against|Eb Standard|Eb Standard|Eb Standard
The Good Left Undone|Rise Against|Eb Standard|Eb Standard|Eb Standard
PARADOX taiso|RIZE|Eb Standard|Eb Standard|Eb Standard
Broken|Seether featuring Amy Lee|Eb Standard|Eb Standard|Eb Standard
You're A Lie|Slash featuring Myles Kennedy And The Conspirators|Eb Standard|Eb Standard|Eb Standard
Anastasia|Slash featuring Myles Kennedy And The Conspirators|Eb Standard|Eb Standard|Eb Standard
Raining Blood|Slayer|Eb Standard|Eb Standard|Eb Standard
Seasons In The Abyss|Slayer|Eb Standard|Eb Standard|Eb Standard
Dead Skin Mask|Slayer|Eb Standard|Eb Standard|Eb Standard
Angel of Death|Slayer|Eb Standard|Eb Standard|Eb Standard
War Ensemble|Slayer|Eb Standard|Eb Standard|Eb Standard
South Of Heaven|Slayer|Eb Standard|Eb Standard|Eb Standard
Ball and Chain|Social Distortion|Eb Standard|Eb Standard|Eb Standard
Story of My Life|Social Distortion|Eb Standard|Eb Standard|Eb Standard
Bad Luck|Social Distortion|Eb Standard|Eb Standard|Eb Standard
Right Now|SR-71|Eb Standard|Eb Standard|Eb Standard
Eyes of a Panther|Steel Panther|Eb Standard|Eb Standard|Eb Standard
Pride and Joy|Stevie Ray Vaughan & Double Trouble|Eb Standard|Eb Standard|Eb Standard
Cold Shot|Stevie Ray Vaughan & Double Trouble|Eb Standard|Eb Standard|Eb Standard
Texas Flood|Stevie Ray Vaughan & Double Trouble|Eb Standard|Eb Standard|Eb Standard
Scuttle Buttin|Stevie Ray Vaughan & Double Trouble|Eb Standard|Eb Standard|Eb Standard
Couldn't Stand The Weather|Stevie Ray Vaughan & Double Trouble|Eb Standard|Eb Standard|Eb Standard
Through Glass|Stone Sour|Eb Standard|Eb Standard|Eb Standard
ROCKSTEADY|STRAIGHTENER|Eb Standard|Eb Standard|Eb Standard
From Noon Till Dawn (feat. Tabu Zombie and Kunikazu Tanaka|STRAIGHTENER|Eb Standard|Eb Standard|Eb Standard
We're All To Blame|Sum 41|Eb Standard|Eb Standard|Eb Standard
Move Along|The All-American Rejects|Eb Standard|Eb Standard|Eb Standard
stupid|The Birthday|Eb Standard|Eb Standard|Eb Standard
45|The Gaslight Anthem|Eb Standard|Eb Standard|Eb Standard
Somebody Told Me|The Killers|Eb Standard|X|Eb Standard
Mr. Brightside|The Killers|Eb Standard|Eb Standard|Eb Standard
When You Were Young|The Killers|Eb Standard|Eb Standard|Eb Standard
Runaways|The Killers|Eb Standard|Eb Standard|Eb Standard
1979|The Smashing Pumpkins|Eb Standard|X|Eb Standard
Bullet with Butterfly Wings|The Smashing Pumpkins|Eb Standard|Eb Standard|Eb Standard
Rock and Roll Queen|The Subways|Eb Standard|Eb Standard|Eb Standard
Emerald|Thin Lizzy|Eb Standard|Eb Standard|Eb Standard
The Boys Are Back In Town|Thin Lizzy|Eb Standard|Eb Standard|Eb Standard
Cowboy Song|Thin Lizzy|Eb Standard|Eb Standard|Eb Standard
Jailbreak|Thin Lizzy|Eb Standard|Eb Standard|Eb Standard
Closer to the Edge|Thirty Seconds To Mars|Eb Standard|Eb Standard|Eb Standard
This is War|Thirty Seconds To Mars|Eb Standard|Eb Standard|Eb Drop Db
Kings and Queens|Thirty Seconds To Mars|Eb Standard|Eb Standard|Eb Standard
Sunday Bloody Sunday|U2|Eb Standard|Eb Standard|Eb Standard
Say It Ain't So|Weezer|Eb Standard|Eb Standard|Eb Standard
Buddy Holly|Weezer|Eb Standard|Eb Standard|Eb Standard
My Name is Jonas|Weezer|Eb Standard|Eb Standard|Eb Standard
Undone (The Sweater Song)|Weezer|Eb Standard|Eb Standard|Eb Standard
Seventeen|Winger|Eb Standard|Eb Standard|Eb Standard
If 6 Was 9|Jimi Hendrix|Eb Standard (A431)|Eb Standard (A431)|Eb Standard (A431)
Voodoo Child (Slight Return)|Jimi Hendrix|Eb Standard (A437)|Eb Standard (A437)|Eb Standard (A437)
Manic Depression|Jimi Hendrix|Eb Standard (A447)|Eb Standard (A447)|Eb Standard (A447)
All For You|Sister Hazel|Eb Standard (Capo Required)|Eb Standard (Capo Required)|Eb Standard
Reach for the Sky|Social Distortion|Eb Standard (Capo Required)|Eb Standard (Capo Required)|Eb Standard
Seven Nation Army|The White Stripes|Open A|E Standard|E Standard
Love Spreads|The Stone Roses|Open D (A443)|Drop D (A443)|D Standard (A443)
Big Yellow Taxi|Joni Mitchell|Open E|Open D (Capo Required)|E Standard
Slow Ride|Foghat|Open E|E Standard|E Standard
Bad to the Bone|George Thorogood|Open G|E Standard|E Standard
Brown Sugar|The Rolling Stones|Open G|Open G|E Standard
Last Goodbye|Jeff Buckley|Open G|Open G|Drop D
I Won't Back Down|Tom Petty|Open G|E Standard|E Standard
Games People Play|Joe South|Open G (Capo Required)|E Standard|E Standard
Good Times|Chic|X|E Standard|E Standard
Have You Ever Seen the Rain?|Creedence Clearwater Revival|X|E Standard|E Standard
What's Going On|Marvin Gaye|X|E Standard|E Standard
Give Up the Funk (Tear the Roof off the Sucker)|Parliament|X|E Standard|E Standard
Karma Police|Radiohead|X|E Standard|E Standard
Super Freak|Rick James|X|E Standard|E Standard
Should I stay or Should I Go|The Clash|X|E Standard|E Standard
Roxanne|The Police|X|E Standard|E Standard
Tonight, Tonight|The Smashing Pumpkins|X|Eb Standard|Eb Standard
Disarm|The Smashing Pumpkins|X|E Standard|E Standard
Blister in the Sun|Violent Femmes|X|E Standard|E Standard
Dont Tell Me You Love Me|Night Ranger|E Standard|E Standard|E Standard
Sister Christian|Night Ranger|E Standard|E Standard|E Standard
(You Can Still) Rock In America|Night Ranger|E Standard|E Standard|E Standard
Brick House|Commodores|E Standard|E Standard|E Standard
Maggot Brain|Funkadelic|E Standard|E Standard|X
Long Cool Woman in a Black Dress|The Hollies|E Standard|E Standard|E Standard
Airbag|Radiohead|E Standard|E Standard|E Standard
Fake Plastic Trees|Radiohead|E Standard|E Standard|E Standard
Jigsaw Falling Into Place|Radiohead|Custom Tuning (DBDF#Db)|Custom Tuning (DBDF#Db)|E Standard
It must have been love|Roxette|E Standard|E Standard|E Standard
Listen To Your Heart|Roxette|E Standard|E Standard|D Standard
The Look|Roxette|E Standard|E Standard|E Standard
Father and Son|Cat Stevens|E Standard|E Standard|E Standard
Morning has Broken|Cat Stevens|E Standard|E Standard|E Standard
Wild World|Cat Stevens|E Standard|E Standard|E Standard
Alison Hell|Annihilator|E Standard|E Standard|E Standard
Counting Blue Cars|Dishwalla|E Standard|E Standard|E Standard
From The Pinnacle to the Pit|Ghost|D Standard|D Standard|D Standard
Long Tall Sally|Wanda Jackson|E Standard|E Standard|E Standard
Party Hard|Andrew W.K.|E Standard|E Standard|E Standard
The Adventure|Angels & Airwaves|Capo Required|Capo Required|E Standard
Shiver|Coldplay|E Standard|EABGBd#|E Standard
Edge of Darkness|Greta Van Fleet|E Standard|E Standard|E Standard
When the Curtain Falls|Greta Van Fleet|E Standard|E Standard|E Standard
You're the One|Greta Van Fleet|E Standard|E Standard|E Standard
Girls Just Want To Have Fun|Cyndi Lauper|E Standard|E Standard|E Standard
Time After Time|Cyndi Lauper|E Standard|E Standard|E Standard
True Colors|Cyndi Lauper|E Standard|E Standard|E Standard
Alive|P.O.D.|Drop C|Drop C|Drop C
Boom|P.O.D.|D Standard|D Standard|D Standard
Youth of the Nation|P.O.D.|Drop C|X|Drop C
Amazing Grace|The Notetrackers|E Standard|E Standard|E Standard
Frere Jacques|The Notetrackers|E Standard|E Standard|E Standard
When the Saints Go Marching In|The Notetrackers|E Standard|E Standard|E Standard
Amnesia|5 Seconds of Summer|DADGAD|DADGAD|E Standard
She Looks So Perfect|5 Seconds of Summer|E Standard|E Standard|E Standard
She's Kinda Hot|5 Seconds of Summer|E Standard|E Standard|E Standard
A Gunshot To the Head of Trepidation|Trivium|Drop D|Drop D|Drop D
Dying in your arms|Trivium|Drop D|Drop D|Drop D
Pull Harder on the Strings of your Martyr|Trivium|Drop D|Drop D|Drop D
Louie Louie|Joan Jett & The Blackhearts|E Standard|E Standard|E Standard
Over The Hills and Far Away|Nightwish|E Standard|E Standard|E Standard
Take on Me|Reel Big Fish|E Standard|E Standard|E Standard